No.,text,Valence_Mean,Arousal_Mean,Valence_SD,Arousal_SD
0,怪八卦,3.45,4.383,0.423,0.579
1,更加小心,5.111,7.188,0.875,0.242
2,格外小心,3.95,6.5,0.527,0.381
3,特别小心,5.0,7.0,0.5,0.0
4,极为小心,3.989,6.925,0.694,0.319
5,万分小心,4.6,7.5,1.158,0.433
6,怪小偷,2.9,5.1,1.114,0.1
7,更为不利,2.375,6.389,0.415,0.515
8,相当不利,2.5,6.444,0.5,0.497
9,最为不利,2.5,6.643,0.866,0.639
10,极其不利,2.867,6.275,0.735,0.303
11,极为不利,2.275,7.088,0.327,0.314
12,略不足,4.244,3.478,0.365,0.452
13,略微不足,4.711,3.657,0.185,0.699
14,稍不足,4.211,4.438,0.238,0.464
15,极度不足,2.756,4.788,0.709,0.664
16,较不足,4.0,4.375,0.0,0.484
17,较为不足,3.438,4.12,0.4,0.936
18,稍微不足,4.522,4.233,0.215,0.542
19,相当不便,2.9,5.375,0.831,0.484
20,极为不便,2.875,5.833,0.238,0.39
21,较为不便,4.375,5.078,0.396,0.503
22,完全不符,2.4,5.286,0.49,0.452
23,十分不满,2.256,7.444,0.241,0.398
24,尤其不满,2.167,7.422,0.211,0.466
25,相当不满,2.111,7.0,0.737,0.0
26,最为不满,2.45,7.138,0.436,0.239
27,越发不满,2.86,6.95,0.196,0.087
28,极其不满,1.933,7.389,0.485,0.348
29,极度不满,2.256,7.422,0.546,0.96
30,极为不满,2.388,7.489,0.389,1.014
31,极度不适,2.433,6.0,0.535,1.418
32,稍微分享,6.167,4.322,0.371,0.565
33,极度反感,1.389,7.889,0.515,0.774
34,完全支持,8.111,6.722,0.567,0.749
35,特别支持,7.55,6.722,0.415,0.498
36,较为支持,7.8,4.85,0.459,0.942
37,较支持,6.667,5.356,0.685,0.615
38,相当出色,8.0,6.389,0.408,0.614
39,最为出色,8.056,6.288,0.593,0.352
40,极为出色,8.125,6.314,0.179,0.247
41,比较可怕,3.113,6.722,0.196,0.583
42,好可怕,3.0,7.0,0.0,0.0
43,有点可怕,3.333,6.375,0.471,0.484
44,更可怕,3.0,7.0,0.0,0.0
45,更为可怕,2.47,7.188,0.478,0.242
46,很可怕,2.5,7.0,0.5,0.0
47,挺可怕,2.59,7.378,0.291,0.239
48,最可怕,2.0,7.5,0.894,0.5
49,最为可怕,2.49,6.717,0.455,1.12
50,还可怕,2.75,7.188,0.433,0.496
51,蛮可怕,3.1,6.778,0.224,0.598
52,挺可悲,2.65,6.125,0.923,0.65
53,蛮可悲,2.375,6.813,0.65,0.658
54,十分可爱,7.678,7.143,0.524,0.226
55,太可爱,8.0,7.0,0.0,0.0
56,比较可爱,6.944,6.0,0.762,0.667
57,好可爱,8.0,7.0,0.0,0.0
58,怪可爱,6.95,6.45,0.897,0.529
59,非常可爱,8.0,7.313,0.0,0.348
60,挺可爱,7.422,6.278,0.503,0.447
61,超可爱,8.0,7.556,0.0,0.497
62,蛮可爱,7.571,6.563,0.495,0.634
63,超级可爱,8.2,7.267,0.386,0.462
64,好可怜,3.0,6.0,0.0,0.0
65,有点可怜,4.063,4.556,0.3,0.55
66,怪可怜,2.678,5.4,0.612,0.68
67,很可怜,2.556,6.0,0.497,0.0
68,挺可怜,2.844,6.075,0.279,0.171
69,超可怜,2.56,6.413,0.395,0.655
70,完全失控,2.0,8.0,1.225,0.745
71,有点失望,2.9,5.625,0.831,0.484
72,非常失望,2.0,7.0,0.0,0.0
73,相当失望,2.0,7.0,0.0,0.0
74,略失望,3.833,5.313,0.471,0.496
75,略微失望,2.313,5.87,0.318,0.651
76,极度失望,1.63,7.244,0.424,0.347
77,极为失望,1.733,7.214,0.469,0.647
78,异常平静,7.589,1.857,0.311,1.33
79,稍微打,3.588,6.556,0.376,0.56
80,完全打击,2.875,7.438,0.599,0.39
81,比较正,6.5,5.571,0.5,0.495
82,很正,7.0,6.0,0.0,0.0
83,挺正,6.611,5.778,0.458,0.583
84,最正,7.4,6.0,0.49,0.0
85,超正,7.556,6.667,0.497,0.471
86,超级正,7.967,6.8,0.231,0.931
87,越正,7.0,6.0,0.433,0.75
88,蛮正,7.31,6.257,0.33,0.518
89,极为正面,7.478,5.133,0.391,0.415
90,稍用力,5.125,5.875,0.331,0.65
91,稍稍用力,4.813,5.688,0.348,0.556
92,稍微用力,5.613,7.057,0.33,0.609
93,愈用力,4.85,7.625,0.328,0.307
94,老白痴,2.413,7.0,0.401,0.843
95,老白痴,1.571,7.917,0.495,0.186
96,超丢脸,1.813,7.313,0.788,0.609
97,超级丢脸,2.088,6.811,0.322,0.832
98,太凶,2.556,8.0,0.497,0.0
99,越凶,3.0,7.713,0.233,0.392
100,愈凶,2.667,7.667,0.408,0.527
101,完全同意,7.444,5.333,0.497,0.471
102,十分好,7.833,6.667,0.408,0.624
103,太好,8.1,6.625,0.831,0.484
104,尤其好,7.9,6.3,0.328,0.589
105,比较好,6.667,5.333,0.471,0.667
106,完全好,7.625,6.333,0.415,0.527
107,非常好,8.5,6.625,0.5,0.484
108,很好,8.0,6.0,0.0,0.0
109,相当好,7.4,6.0,0.49,0.0
110,挺好,6.925,5.656,0.356,0.483
111,特别好,7.556,6.375,0.497,0.484
112,略好,5.913,4.625,0.28,0.484
113,异常好,7.311,6.25,0.635,0.354
114,无比好,7.7,6.871,0.535,0.43
115,稍好,6.278,4.411,0.394,0.491
116,稍微好,6.611,5.925,0.601,0.334
117,超好,8.444,7.0,0.497,0.667
118,超级好,7.625,6.667,0.484,0.471
119,越好,7.267,5.378,0.226,0.563
120,愈好,7.47,6.25,0.372,0.173
121,较好,7.311,5.344,0.328,0.409
122,蛮好,6.933,5.086,0.558,0.304
123,比较好玩,6.338,5.8,0.485,0.432
124,挺好玩,7.0,5.744,0.408,0.581
125,超好玩,7.433,6.6,0.383,0.35
126,蛮好玩,7.0,6.222,0.408,0.248
127,太好笑,7.25,7.375,0.433,0.484
128,比较好笑,6.944,6.844,0.279,0.558
129,更好笑,6.833,7.0,0.577,0.378
130,很好笑,7.0,7.0,0.0,0.0
131,挺好笑,6.7,6.822,0.457,0.512
132,最好笑,7.4,7.5,0.49,0.5
133,超好笑,7.289,7.178,0.269,0.358
134,超级好笑,7.35,7.4,0.456,0.469
135,蛮好笑,6.4,6.4,0.49,0.49
136,比较安心,5.556,2.667,0.497,0.667
137,较安心,6.122,2.338,0.483,0.377
138,比较安全,6.444,4.375,0.497,0.484
139,更安全,7.0,4.778,0.0,0.416
140,更加安全,7.0,5.7,0.107,0.571
141,更为安全,7.2,5.171,0.279,0.416
142,稍微安全,6.413,4.367,0.344,0.6
143,较安全,6.5,4.625,0.5,0.484
144,较为安全,6.8,4.333,0.49,0.483
145,十分成功,8.875,7.929,0.217,0.319
146,非常成功,9.0,7.5,0.0,0.5
147,相当成功,8.778,7.4,0.416,0.49
148,略成功,6.1,5.025,0.635,0.043
149,最为成功,8.544,7.078,0.365,0.715
150,极为成功,8.913,7.825,0.162,0.156
151,还有用,5.856,4.638,0.347,0.755
152,更为有利,6.625,6.7,0.249,0.235
153,最有利,7.0,6.667,0.816,0.471
154,最为有利,7.463,6.42,0.466,1.055
155,较有利,6.075,5.7,0.295,0.44
156,较为有利,6.186,5.556,0.242,0.525
157,更有效,7.0,6.0,0.0,0.0
158,更为有效,7.389,6.286,0.393,0.247
159,最有效,7.444,6.111,0.497,0.314
160,最为有效,7.813,6.389,0.242,0.458
161,十分有趣,8.222,7.063,0.533,0.39
162,比较有趣,6.875,6.125,0.696,0.217
163,更为有趣,7.3,6.0,0.33,0.0
164,非常有趣,8.0,7.0,0.0,0.0
165,很有趣,7.778,6.0,0.416,0.0
166,挺有趣,7.811,6.378,0.264,0.308
167,很有钱,7.222,6.222,0.416,0.416
168,最有钱,6.913,6.438,0.462,0.529
169,稍微有钱,6.256,5.463,0.527,0.596
170,超有钱,7.5,6.938,0.527,0.583
171,超级有钱,7.589,7.056,0.378,0.568
172,越有钱,6.08,6.113,0.841,0.169
173,还有钱,5.778,5.01,0.705,0.749
174,愈有钱,6.7,5.68,0.462,0.658
175,太自由,6.0,6.071,0.949,0.821
176,完全自由,6.956,5.28,0.479,0.349
177,更为自由,6.822,5.95,0.397,0.132
178,无比自信,8.46,6.65,0.388,0.283
179,万分自责,2.2,6.913,0.343,0.337
180,极其低落,2.344,4.8,0.337,1.173
181,太冷,3.0,5.333,0.0,0.471
182,好冷,3.0,5.0,0.0,0.0
183,有点冷,3.333,4.375,0.471,0.484
184,略冷,3.938,4.286,0.39,0.452
185,稍冷,3.878,3.678,0.529,0.545
186,稍微冷,3.663,3.556,0.415,0.497
187,超级冷,2.513,4.056,0.398,0.986
188,越冷,3.133,3.813,0.583,0.657
189,愈冷,3.0,5.333,0.0,0.471
190,较冷,3.311,4.425,0.436,0.323
191,异常冷淡,2.3,4.1,0.457,0.622
192,完全否定,2.625,5.822,0.426,0.496
193,完全否认,2.722,5.489,0.579,0.475
194,尤其吸引,6.478,6.857,0.399,0.337
195,格外吸引,7.278,7.333,0.416,0.471
196,特别吸引,6.156,6.5,0.778,0.463
197,十分壮观,7.722,7.188,0.671,0.242
198,相当壮观,7.188,6.989,0.864,0.716
199,老妓女,2.075,5.671,0.319,0.856
200,更完善,7.0,5.375,0.0,0.484
201,更加完善,7.0,5.0,0.0,0.0
202,更为完善,7.725,5.38,0.228,0.508
203,老巫婆,2.5,6.286,0.5,0.525
204,尤其希望,7.988,6.325,0.257,0.424
205,更希望,7.889,6.0,0.314,0.0
206,无比快乐,8.313,7.563,0.428,0.527
207,极其扭曲,1.989,6.588,0.179,0.362
208,极度扭曲,2.4,6.6,0.33,0.35
209,略改善,5.813,4.5,0.242,0.408
210,略微改善,6.222,5.4,0.355,0.71
211,稍稍改善,5.722,4.667,0.248,0.624
212,稍微改善,6.25,5.475,0.541,0.402
213,更加沉重,2.156,6.811,0.157,0.26
214,更为沉重,2.26,7.022,0.242,0.397
215,格外沉重,2.54,6.413,0.418,0.392
216,异常沉重,2.044,6.913,0.134,0.169
217,无比沉重,2.143,6.833,0.226,0.913
218,更佳,7.0,5.111,0.0,0.314
219,稍佳,6.038,3.778,0.158,0.585
220,愈佳,6.944,5.45,0.142,0.557
221,较佳,6.4,4.5,0.49,0.5
222,老垃圾,2.025,7.65,0.043,0.409
223,怪垃圾,2.0,7.85,0.0,0.335
224,好奇怪,3.667,6.0,0.471,0.0
225,有点奇怪,4.0,5.375,0.0,0.484
226,很奇怪,3.667,6.0,0.471,0.0
227,蛮奇怪,3.47,6.167,1.053,0.163
228,无比幸运,8.133,6.788,0.566,0.673
229,无比幸福,8.422,4.525,0.385,0.438
230,完全忽略,2.25,4.75,0.433,0.829
231,完全忽视,2.5,5.556,0.5,0.497
232,好怕,2.5,7.0,0.5,0.0
233,有点怕,3.25,6.5,0.433,0.5
234,怪怕,3.167,7.3,0.898,0.4
235,很怕,2.6,7.0,0.49,0.0
236,最怕,2.1,7.6,0.831,0.49
237,超怕,2.556,7.444,0.497,0.497
238,超级怕,2.138,7.55,0.239,0.304
239,越怕,2.389,7.113,0.378,0.262
240,愈怕,2.857,6.822,0.226,0.464
241,还怕,2.944,6.875,0.643,0.415
242,有点怪,3.475,4.338,0.349,0.583
243,老怪,3.75,5.9,0.433,0.917
244,很怪,2.6,5.444,0.49,0.497
245,蛮怪,3.3,4.713,0.224,0.511
246,万分抱歉,2.467,4.65,0.35,0.382
247,稍稍放心,5.75,4.167,0.354,0.943
248,稍微放心,5.833,2.713,0.254,0.473
249,完全放弃,1.978,6.525,0.063,0.466
250,略微放松,6.222,1.6,0.607,0.415
251,稍放松,5.611,3.5,0.314,0.707
252,稍稍放松,5.788,2.8,0.232,0.475
253,稍微放松,5.622,2.722,0.385,1.039
254,略放松,6.2,2.917,0.6,0.534
255,万分欣喜,7.889,7.622,0.551,0.447
256,无比欣慰,7.57,5.34,0.443,0.356
257,万分欣慰,7.8,6.16,0.508,0.206
258,还沾沾自喜,3.778,6.722,0.342,0.342
259,稍微玩,5.063,4.5,0.165,0.612
260,愈玩,5.214,6.063,0.525,0.682
261,还玩,4.457,6.333,0.484,0.373
262,异常保护,4.667,6.129,0.236,0.819
263,无比信心,8.313,6.938,0.704,0.39
264,无比勇气,7.963,7.478,0.07,0.449
265,好帅,7.0,6.333,0.0,0.471
266,特别帅,7.367,6.417,0.481,0.449
267,最帅,7.467,5.733,0.435,0.57
268,超级帅,7.944,7.444,0.437,0.55
269,越帅,6.838,5.975,0.331,0.869
270,蛮帅,7.25,6.063,0.354,0.634
271,挺帅,6.875,6.111,0.545,0.614
272,超帅,7.667,6.889,0.471,0.567
273,十分后悔,1.6,7.375,0.436,0.65
274,超后悔,2.0,6.0,0.0,0.816
275,超级后悔,1.333,7.083,0.471,0.672
276,万分后悔,2.225,6.222,0.259,0.644
277,最为恰当,7.156,6.0,0.406,0.66
278,十分活跃,6.975,7.875,0.066,0.179
279,相当活跃,7.214,7.611,0.247,0.698
280,异常活跃,7.52,8.511,0.357,0.325
281,最为活跃,7.188,8.056,0.428,0.797
282,较为流行,5.789,5.0,0.238,0.661
283,更加珍惜,7.467,6.4,0.374,0.49
284,格外珍惜,8.125,6.26,0.238,0.377
285,万分珍惜,8.333,6.56,0.49,0.393
286,尤其珍贵,7.6,6.325,0.397,0.691
287,格外珍贵,8.3,6.438,0.271,0.591
288,异常珍贵,8.233,6.638,0.309,0.223
289,最为珍贵,7.943,5.767,0.302,0.763
290,无比珍贵,7.913,6.633,0.215,0.442
291,极其珍贵,8.46,6.763,0.388,0.738
292,极为珍贵,8.022,5.656,0.625,0.506
293,太相信,8.0,6.0,0.0,0.0
294,还相信,7.438,5.813,0.39,0.496
295,更美好,7.444,6.222,0.497,0.416
296,更加美好,7.656,6.556,0.211,0.347
297,越苦,2.188,5.714,0.348,0.525
298,老英雄,7.75,7.063,0.433,0.726
299,更为重大,4.6,7.525,0.447,0.331
300,格外重大,3.567,8.044,0.346,0.34
301,最为重大,4.838,8.0,0.331,0.0
302,极其重大,5.1,8.071,0.663,0.175
303,极为重大,4.3,7.867,0.598,0.537
304,完全陌生,2.5,4.778,0.5,0.786
305,尤其值得,7.222,6.378,0.29,0.444
306,更值得,7.0,6.0,0.0,0.0
307,非常值得,7.222,7.0,0.416,0.775
308,相当值得,7.357,5.733,0.32,0.442
309,格外值得,7.229,6.533,0.249,0.397
310,蛮值得,6.51,5.871,0.391,0.175
311,略微哽咽,4.0,5.813,0.354,0.788
312,愈害怕,2.678,6.2,0.516,0.543
313,太差,2.5,5.429,0.5,0.495
314,比较差,3.0,4.111,0.0,0.737
315,更差,2.667,5.25,0.471,0.433
316,非常差,2.375,5.889,0.484,0.567
317,特别差,2.522,6.171,0.498,0.822
318,略差,3.889,4.9,0.314,0.2
319,最差,1.5,6.875,0.5,0.781
320,稍差,3.444,4.222,0.497,0.416
321,稍微差,3.713,4.278,0.392,0.754
322,超差,2.0,6.444,0.0,0.497
323,超级差,1.5,7.071,0.527,0.562
324,愈差,2.738,4.75,0.255,0.456
325,较差,3.513,5.233,0.366,0.419
326,还差,2.957,5.075,0.226,0.156
327,越差,2.944,4.778,0.183,0.52
328,太弱,2.778,5.667,0.416,0.471
329,有点弱,3.4,4.125,0.49,0.331
330,略弱,4.3,4.075,0.26,0.198
331,最弱,2.571,5.714,0.495,0.7
332,稍弱,3.625,4.222,0.484,0.416
333,越弱,2.756,4.94,0.556,0.858
334,愈弱,2.811,4.95,0.608,0.712
335,较弱,3.4,4.0,0.49,0.0
336,太恐怖,2.0,7.667,0.0,0.471
337,好恐怖,2.333,7.0,0.471,0.0
338,有点恐怖,3.014,7.08,0.879,0.811
339,更恐怖,2.0,7.4,0.0,0.49
340,怪恐怖,2.722,7.389,0.853,0.614
341,很恐怖,2.0,7.4,0.0,0.49
342,最恐怖,1.625,7.556,0.484,0.497
343,超级恐怖,2.05,7.567,0.087,0.368
344,蛮恐怖,2.311,7.356,0.39,0.521
345,超恐怖,1.625,7.667,0.484,0.471
346,极度恐惧,1.411,7.87,0.314,0.623
347,万分恐惧,1.625,8.056,0.82,0.497
348,无比振奋,7.833,8.222,0.373,0.671
349,略微气愤,2.956,6.733,0.673,0.32
350,完全消灭,2.388,7.363,0.385,0.671
351,无比真实,7.313,5.417,0.609,0.607
352,完全缺乏,2.556,5.667,0.497,0.471
353,极度缺乏,2.038,5.967,0.339,0.957
354,较缺乏,3.013,4.6,0.093,0.477
355,较为缺乏,2.763,4.37,0.308,1.017
356,好臭,3.0,5.556,0.0,0.497
357,老臭,2.6,5.5,0.428,0.354
358,很臭,2.625,5.667,0.484,0.667
359,超级臭,2.489,5.325,0.472,0.65
360,愈臭,3.343,5.343,0.392,0.424
361,越臭,3.071,5.643,0.495,0.35
362,略微衰退,3.833,4.063,0.236,0.3
363,稍稍衰退,4.25,3.929,0.25,0.562
364,非常讨厌,2.0,7.667,0.0,0.471
365,特别讨厌,1.889,7.438,0.737,0.464
366,最讨厌,1.6,8.0,0.49,0.0
367,超讨厌,1.467,7.833,0.316,0.183
368,超级讨厌,1.6,7.667,0.49,0.471
369,极度讨厌,1.725,7.989,0.222,0.42
370,十分高兴,8.125,7.938,0.217,0.165
371,非常高兴,8.0,8.0,0.0,0.0
372,很高兴,8.0,7.0,0.0,0.0
373,格外高兴,7.767,6.9,0.462,0.616
374,特别高兴,7.45,7.33,0.52,0.469
375,尤其偏好,5.4,5.186,0.321,0.541
376,尤其偏爱,6.0,5.75,1.225,0.75
377,更加坚强,7.811,7.063,0.191,0.086
378,格外坚强,7.144,6.822,0.211,0.397
379,异常坚强,7.643,7.125,0.35,0.415
380,无比坚强,7.378,6.625,0.308,0.526
381,万分寂寞,2.656,5.429,0.337,0.734
382,太强,7.5,6.556,0.5,0.497
383,比较强,6.6,5.625,0.49,0.484
384,有点强,5.988,4.689,0.203,0.681
385,非常强,7.15,6.613,0.212,0.395
386,特别强,7.375,6.625,0.484,0.484
387,略强,5.889,5.313,0.458,0.496
388,最强,7.625,6.75,0.484,0.433
389,稍强,6.213,4.98,0.237,0.768
390,稍微强,5.938,4.763,0.39,0.495
391,超级强,7.557,6.213,0.325,0.242
392,越强,7.0,6.0,0.0,0.0
393,愈强,7.0,6.0,0.0,0.0
394,较强,6.5,5.857,0.5,0.35
395,还强,6.778,6.056,0.853,0.497
396,蛮强,6.813,6.188,0.658,0.428
397,很强,7.0,6.0,0.0,0.0
398,尤其强烈,3.713,8.225,0.513,0.547
399,更为强烈,4.871,8.411,0.205,0.375
400,特别强烈,4.929,8.222,0.776,0.583
401,异常强烈,4.1,8.35,0.827,0.229
402,最为强烈,3.656,8.344,0.574,0.548
403,越发强烈,4.729,8.314,0.357,0.223
404,极其强烈,4.688,8.725,0.428,0.233
405,极为强烈,5.125,8.688,0.217,0.428
406,较强烈,4.733,7.711,0.408,0.472
407,较为强烈,3.714,7.5,0.647,0.816
408,老情人,5.857,6.333,0.875,0.745
409,异常情绪,3.5,6.286,0.75,0.364
410,极度排斥,1.833,7.833,0.577,0.707
411,完全控制,4.083,6.125,0.607,0.217
412,稍稍控制,4.513,3.967,0.355,0.69
413,稍微控制,4.5,4.25,0.408,0.382
414,十分敏感,3.813,6.375,0.704,0.415
415,尤其敏感,4.375,6.188,0.415,0.428
416,更为敏感,3.94,5.925,0.71,0.277
417,格外敏感,3.656,5.711,0.655,0.569
418,异常敏感,3.589,5.971,0.582,0.219
419,最为敏感,3.556,5.413,0.479,0.443
420,极其敏感,3.113,6.233,0.271,0.964
421,极度敏感,3.638,5.725,0.492,0.558
422,极为敏感,3.689,6.513,0.638,0.537
423,较敏感,4.088,5.05,0.169,0.794
424,较为敏感,3.888,5.238,0.411,0.32
425,十分清楚,6.143,4.857,0.35,0.639
426,比较清楚,5.333,4.286,0.471,0.452
427,更清楚,6.0,4.222,0.0,0.416
428,更加清楚,6.0,4.333,0.0,0.471
429,更为清楚,6.71,4.46,0.561,0.408
430,非常清楚,6.25,4.875,0.433,0.599
431,很清楚,5.778,4.333,0.416,0.471
432,相当清楚,6.0,4.111,0.0,0.737
433,最清楚,6.825,4.313,0.228,0.655
434,越清楚,6.0,4.571,0.0,0.728
435,愈清楚,6.75,4.475,0.187,0.792
436,较清楚,5.667,3.333,0.471,0.471
437,太爽,8.0,8.0,0.0,0.0
438,更爽,8.0,8.0,0.0,0.0
439,很爽,8.0,8.0,0.0,0.0
440,挺爽,7.356,7.35,0.422,0.292
441,特别爽,8.0,8.167,0.408,0.236
442,最爽,8.444,8.0,0.497,0.0
443,超爽,8.5,8.444,0.5,0.497
444,超级爽,7.95,8.075,0.274,0.13
445,越爽,7.611,7.778,0.614,0.533
446,愈爽,7.513,7.75,0.451,0.283
447,还爽,7.4,7.3,0.308,0.235
448,蛮爽,7.556,7.556,0.497,0.497
449,老笨蛋,2.488,6.356,0.488,0.604
450,太累,2.444,5.4,0.497,0.49
451,好累,2.289,5.85,0.197,0.214
452,很累,2.5,5.6,0.5,0.49
453,超级累,2.689,5.457,0.479,0.238
454,极度贫穷,1.444,6.671,0.406,0.995
455,太麻烦,2.667,6.0,0.471,0.0
456,比较麻烦,2.767,5.738,0.294,0.755
457,很麻烦,3.0,6.0,0.0,0.0
458,挺麻烦,3.289,5.622,0.502,0.549
459,超麻烦,2.4,6.333,0.49,0.471
460,超级麻烦,2.278,6.5,0.533,0.707
461,较麻烦,3.188,5.611,0.556,0.458
462,尤其喜爱,7.263,6.925,0.223,0.198
463,太喜欢,8.0,6.444,0.0,0.497
464,尤其喜欢,7.456,5.967,0.64,0.564
465,比较喜欢,6.7,5.0,0.9,0.707
466,好喜欢,8.0,6.333,0.0,0.471
467,老喜欢,6.3,6.25,0.872,0.692
468,更喜欢,8.0,6.5,0.0,0.5
469,非常喜欢,8.0,7.333,0.0,0.471
470,很喜欢,8.0,6.444,0.0,0.497
471,挺喜欢,7.367,5.689,0.589,0.491
472,特别喜欢,8.333,7.333,0.471,0.471
473,最喜欢,8.6,7.333,0.49,0.471
474,超喜欢,8.188,6.213,0.355,0.176
475,超级喜欢,8.389,7.688,0.515,0.428
476,较喜欢,6.533,5.756,0.499,0.472
477,还喜欢,7.3,5.878,0.494,0.745
478,蛮喜欢,7.178,5.913,0.681,0.423
479,异常悲愤,1.5,8.444,0.624,0.497
480,略闷,3.91,4.06,0.635,0.839
481,稍闷,4.125,4.4,0.217,0.735
482,更加恶化,2.4,6.778,0.435,0.487
483,更为恶化,2.178,6.8,0.563,0.575
484,更为恶劣,1.833,7.444,0.667,0.55
485,极其恶劣,1.7,7.95,0.224,0.283
486,极度恶劣,1.333,8.222,0.408,0.533
487,极为恶劣,1.611,7.175,0.423,0.733
488,太棒,7.444,6.625,0.497,0.484
489,更棒,7.0,6.4,0.0,0.49
490,非常棒,7.222,6.444,0.416,0.497
491,很棒,7.6,6.6,0.49,0.49
492,最棒,8.375,6.5,0.484,0.5
493,更为棘手,2.489,7.188,0.381,0.237
494,最为棘手,2.125,7.375,0.217,0.415
495,极其残忍,1.089,8.59,0.159,0.428
496,极为残忍,1.31,8.656,0.266,0.279
497,十分无奈,2.667,5.375,0.471,0.484
498,万分无奈,2.5,4.4,0.572,0.595
499,极其无能,2.156,7.211,0.324,0.335
500,太无聊,2.444,5.0,0.497,0.816
501,好无聊,2.6,4.333,0.49,0.667
502,有点无聊,3.956,3.757,0.414,0.604
503,很无聊,2.6,4.333,0.49,0.471
504,挺无聊,3.5,3.833,0.742,0.816
505,超无聊,2.322,3.7,0.815,0.951
506,超级无聊,2.989,5.56,0.191,0.463
507,极其无聊,2.444,4.571,0.437,1.015
508,蛮无聊,3.333,4.0,0.471,0.0
509,异常焦虑,1.938,7.167,0.3,0.624
510,万分焦虑,1.857,8.222,0.226,0.478
511,稍痛,3.944,5.444,0.283,0.437
512,超痛,2.0,7.5,0.0,0.5
513,超级痛,1.556,8.0,0.55,0.624
514,越痛,2.175,6.788,0.307,0.232
515,愈痛,2.238,7.063,0.218,0.278
516,极度痛苦,1.488,8.27,0.127,0.613
517,极为痛苦,1.65,7.933,0.45,0.522
518,万分痛苦,1.389,7.825,0.256,0.192
519,比较舒服,6.4,3.778,0.49,0.629
520,很舒服,7.0,4.25,0.0,0.433
521,挺舒服,6.963,3.938,0.43,0.698
522,超舒服,7.333,5.0,0.471,0.756
523,蛮舒服,7.0,3.6,0.0,0.49
524,超级舒服,7.522,5.45,0.385,0.791
525,更加舒适,7.322,3.675,0.561,0.521
526,更为舒适,7.214,5.875,0.247,0.65
527,较舒适,6.6,3.444,0.49,0.497
528,较为舒适,6.778,4.0,0.583,0.289
529,十分开心,8.0,7.0,0.0,0.0
530,好开心,8.05,7.45,0.132,0.311
531,非常开心,8.0,7.6,0.0,0.49
532,很开心,8.0,7.0,0.0,0.0
533,挺开心,7.1,6.55,0.8,1.036
534,格外开心,8.056,7.188,0.55,0.242
535,特别开心,8.214,7.438,0.247,0.39
536,无比开心,8.333,7.722,0.408,0.478
537,还开心,7.429,6.563,0.623,0.634
538,蛮开心,7.389,6.55,0.623,0.518
539,更加顺利,7.53,5.938,0.398,0.3
540,更为顺利,7.356,5.92,0.568,0.779
541,异常顺利,7.078,6.4,0.666,0.648
542,好乱,2.6,6.4,0.49,0.49
543,稍乱,4.188,4.75,0.242,0.612
544,越乱,2.517,6.756,0.069,0.241
545,愈乱,2.489,6.7,0.446,0.265
546,还乱,3.214,6.444,0.589,0.437
547,略嫌,3.688,4.75,0.44,0.612
548,稍嫌,3.744,4.633,0.455,0.631
549,超级干,0.922,8.644,0.162,0.506
550,超干,1.0,9.0,0.0,0.0
551,比较想,5.5,3.556,0.5,0.497
552,好想,5.667,4.375,0.471,0.484
553,完全想,5.8,5.12,0.245,0.676
554,挺想,5.563,5.222,0.527,0.885
555,特别想,6.0,5.125,0.775,0.781
556,略想,5.188,3.625,0.242,0.96
557,最想,5.75,4.889,0.433,0.567
558,稍稍想,5.1,3.078,0.166,0.498
559,稍微想,5.111,4.3,0.393,0.6
560,超想,5.625,5.625,0.484,0.484
561,超级想,6.444,5.283,0.437,0.833
562,越想,5.5,4.286,0.5,0.452
563,极度想,6.0,6.25,0.743,1.061
564,还想,5.057,4.071,0.14,0.678
565,蛮想,5.556,4.375,0.497,0.484
566,有点想,5.25,3.429,0.433,0.728
567,更想,5.667,4.25,0.471,0.433
568,愈想,5.733,3.9,0.501,0.587
569,太爱,8.889,6.5,0.314,0.5
570,尤其爱,8.088,5.55,0.683,0.456
571,比较爱,8.0,5.444,0.667,0.497
572,好爱,9.0,6.25,0.0,0.433
573,更爱,8.889,6.333,0.314,0.471
574,很爱,9.0,6.5,0.0,0.5
575,特别爱,9.0,6.889,0.0,0.737
576,超爱,9.0,7.0,0.0,0.0
577,越爱,8.278,5.329,0.6,0.75
578,较爱,7.8,5.19,0.671,0.936
579,还爱,6.625,6.0,0.65,0.433
580,超级爱,8.65,6.313,0.43,0.509
581,愈爱,8.786,6.389,0.247,0.458
582,蛮爱,7.333,6.167,0.986,0.333
583,万分感恩,7.689,6.3,0.491,0.6
584,十分感谢,7.533,6.467,0.508,0.386
585,尤其感谢,7.871,6.2,0.205,0.432
586,非常感谢,8.0,6.667,0.0,0.471
587,超级感谢,8.011,7.143,0.031,0.35
588,万分感谢,8.478,6.788,0.339,0.19
589,较为温和,5.85,3.738,0.255,0.487
590,异常温暖,7.12,5.271,0.578,0.547
591,无比温暖,7.77,5.113,0.529,0.891
592,格外温馨,8.35,5.36,0.24,1.009
593,很烦,2.444,6.4,0.497,0.49
594,超烦,2.0,6.625,0.0,0.484
595,超级烦,1.833,7.167,0.471,0.667
596,完全禁止,2.567,5.214,0.44,0.391
597,稍稍羡慕,5.188,5.688,0.348,0.428
598,超羡慕,7.188,7.25,0.242,0.612
599,超级羡慕,7.189,5.925,0.772,0.576
600,万分羡慕,7.0,6.867,0.624,0.842
601,完全解决,7.333,5.333,0.471,0.471
602,挺诚实,7.5,5.25,0.415,0.809
603,老遇到,5.25,5.75,0.433,0.866
604,还遇到,5.188,5.417,0.348,0.449
605,老游戏,5.167,4.563,0.373,1.044
606,完全违背,1.78,6.843,0.542,0.663
607,极其厌恶,1.444,8.222,0.831,0.749
608,完全对,7.0,5.222,0.0,0.416
609,更对,6.671,5.48,0.523,0.293
610,挺对,7.143,5.667,0.35,0.624
611,太惨,2.0,6.0,0.0,0.0
612,好惨,2.0,6.0,0.0,0.0
613,很惨,2.0,6.0,0.0,0.0
614,挺惨,1.878,6.114,0.187,0.259
615,越惨,2.188,5.417,0.276,0.449
616,还惨,2.5,5.825,0.384,0.421
617,蛮惨,2.34,6.022,0.448,0.755
618,有点惨,3.0,4.578,0.522,0.563
619,最惨,1.667,6.375,0.471,0.484
620,稍惨,3.329,4.444,0.403,0.658
621,愈惨,2.122,5.925,0.282,0.412
622,太慢,3.0,5.222,0.816,0.786
623,有点慢,4.0,2.556,0.0,0.497
624,特别慢,2.88,4.057,0.635,0.489
625,略慢,4.5,3.25,0.333,0.559
626,最慢,3.125,5.571,0.781,1.05
627,稍慢,4.0,2.375,0.0,0.484
628,稍微慢,3.822,3.163,0.29,0.644
629,越慢,4.0,3.333,0.0,0.471
630,愈慢,3.9,3.188,0.389,0.496
631,十分满意,8.056,7.167,0.283,0.577
632,非常满意,8.0,7.0,0.0,0.0
633,相当满意,8.0,6.556,0.0,0.497
634,超级满意,7.975,6.925,0.259,0.538
635,蛮满意,7.433,6.278,0.457,0.454
636,超满意,8.333,6.95,0.527,0.789
637,好漂亮,8.0,7.0,0.0,0.0
638,挺漂亮,7.438,6.275,0.39,0.268
639,超漂亮,8.222,7.389,0.478,0.393
640,超级漂亮,7.813,7.144,0.379,0.501
641,越漂亮,7.567,6.95,0.447,0.265
642,蛮漂亮,7.267,6.23,0.544,0.852
643,更加精彩,8.144,7.8,0.499,0.499
644,更为精彩,7.88,7.711,0.626,0.621
645,十分紧张,2.975,7.738,0.066,0.264
646,太紧张,2.844,7.25,0.833,0.653
647,好紧张,3.0,8.0,0.0,0.0
648,有点紧张,3.389,7.1,0.482,0.657
649,更加紧张,2.889,7.563,0.657,0.527
650,相当紧张,2.333,7.889,0.471,0.314
651,格外紧张,2.6,7.667,0.41,0.211
652,略微紧张,3.544,6.833,0.486,0.735
653,异常紧张,2.444,7.786,0.762,0.589
654,愈紧张,3.388,7.389,0.42,0.774
655,万分紧张,2.325,8.075,0.286,0.307
656,更为紧绷,2.975,7.925,0.185,0.222
657,异常紧绷,2.611,7.813,0.843,0.428
658,太认真,7.625,6.222,0.696,0.416
659,非常认真,8.0,6.0,0.0,0.0
660,格外认真,7.767,6.25,0.488,0.412
661,稍稍认真,6.0,4.667,0.0,0.667
662,稍微认真,5.813,4.0,0.242,0.25
663,还认真,6.243,5.417,1.054,0.344
664,比较轻松,6.0,2.375,0.0,0.484
665,更为轻松,6.711,2.3,0.438,0.835
666,格外轻松,6.963,2.475,0.212,1.283
667,稍微轻松,5.667,2.3,0.481,0.624
668,较轻松,6.556,2.444,0.497,0.497
669,较为轻松,6.111,2.411,0.477,0.703
670,略酸,4.333,4.563,0.408,0.527
671,还酸,3.5,5.389,0.463,0.458
672,好恶,2.0,7.0,0.0,0.0
673,超恶,1.5,7.444,0.5,0.497
674,好恶心,2.0,7.556,0.0,0.497
675,怪恶心,1.975,7.071,0.066,0.175
676,异常恶心,1.833,7.55,0.236,0.415
677,超恶心,1.6,7.5,0.49,0.5
678,超级恶心,1.938,7.9,0.086,0.577
679,更为乐观,7.95,6.183,0.166,0.376
680,相当乐观,7.875,6.55,0.415,0.472
681,稍许乐观,5.622,4.5,0.391,1.025
682,较乐观,6.5,5.563,0.577,0.583
683,较为乐观,7.222,4.786,0.592,0.508
684,相当热烈,7.611,8.356,0.296,0.313
685,最为热烈,7.375,8.056,0.415,0.724
686,越加热烈,6.578,7.978,0.643,0.063
687,极为热烈,7.156,7.967,0.552,0.741
688,无比热情,7.567,7.388,0.394,0.302
689,十分热闹,7.667,7.444,0.333,0.369
690,更加热闹,7.089,7.088,0.228,0.22
691,相当热闹,7.0,7.0,0.0,0.0
692,异常热闹,6.929,7.45,0.319,0.415
693,最为热闹,7.838,7.433,0.25,0.416
694,更加确定,6.929,5.733,0.198,0.442
695,越穷,2.74,5.038,0.533,0.472
696,愈穷,2.778,5.278,0.533,0.916
697,稍缓和,5.688,3.375,0.609,0.415
698,稍稍缓和,5.375,3.667,0.545,0.553
699,稍微缓和,5.938,3.957,0.312,0.939
700,较为缓和,5.667,3.267,0.519,0.464
701,十分适合,6.0,4.625,0.0,0.696
702,太适合,6.0,4.778,0.0,0.629
703,尤其适合,6.944,4.35,0.462,0.979
704,好适合,6.222,4.333,0.416,0.471
705,更适合,6.0,4.714,0.0,0.7
706,非常适合,6.375,5.0,0.484,0.535
707,很适合,6.0,4.333,0.0,0.471
708,相当适合,6.444,4.5,0.497,0.5
709,特别适合,6.4,5.125,0.49,0.599
710,最适合,6.25,4.444,0.433,0.497
711,最为适合,7.63,5.02,0.906,0.553
712,较适合,5.444,3.889,0.497,0.737
713,较为适合,5.55,3.91,0.385,0.796
714,蛮适合,5.6,4.0,0.49,0.0
715,比较适合,5.333,3.444,0.471,0.497
716,最为适当,7.733,5.9,0.389,0.903
717,较适当,6.0,4.5,0.0,0.5
718,较为适当,5.875,4.511,0.327,0.348
719,十分震惊,3.04,8.167,0.08,0.527
720,相当震惊,2.889,8.188,0.774,0.348
721,无比震惊,2.929,8.333,0.175,0.445
722,极为震惊,2.644,8.138,0.517,0.193
723,万分震惊,2.663,8.163,0.331,0.269
724,尤其擅长,7.622,6.5,0.286,0.374
725,十分担心,2.62,7.413,0.51,0.491
726,太担心,2.0,7.0,0.0,0.0
727,尤其担心,2.422,7.622,0.439,0.322
728,有点担心,3.0,6.0,0.0,0.0
729,非常担心,2.189,7.55,0.166,0.187
730,相当担心,2.063,7.222,0.165,0.248
731,格外激动,4.333,8.133,0.776,0.653
732,异常激动,4.743,8.278,0.489,0.253
733,无比激动,5.075,8.456,0.884,0.372
734,更积极,7.222,7.0,0.416,0.0
735,更加积极,7.063,7.025,0.165,0.066
736,更为积极,7.333,7.188,0.527,0.556
737,最为积极,7.913,7.8,0.169,0.18
738,较为积极,6.889,7.078,0.679,0.79
739,好兴奋,8.0,8.0,0.0,0.0
740,非常兴奋,8.0,8.0,0.0,0.0
741,相当兴奋,7.667,8.0,0.471,0.0
742,格外兴奋,8.267,7.944,0.316,0.295
743,特别兴奋,7.59,7.925,0.421,0.139
744,无比兴奋,8.375,8.322,0.282,0.297
745,超级兴奋,8.063,8.144,0.165,0.211
746,格外讽刺,2.125,7.267,0.13,0.514
747,极其讽刺,2.05,7.413,0.132,0.42
748,最为踊跃,7.911,7.922,0.472,0.187
749,略输,3.844,3.97,0.324,0.793
750,越输,2.363,4.75,0.469,0.433
751,愈输,2.357,5.0,0.44,0.926
752,还输,2.444,4.556,0.497,0.497
753,十分遗憾,1.556,5.444,0.497,0.497
754,非常遗憾,1.6,6.1,0.49,0.831
755,相当遗憾,1.556,5.667,0.497,0.667
756,极其遗憾,1.844,6.625,0.201,0.65
757,极为遗憾,1.389,6.643,0.458,0.693
758,万分遗憾,2.125,4.9,0.12,0.638
759,完全错误,2.05,5.838,0.112,0.576
760,略优,6.143,5.222,0.44,0.583
761,稍优,5.833,4.75,0.236,0.661
762,较优,7.188,5.733,0.379,0.55
763,无比压力,1.688,7.667,0.556,0.527
764,十分尴尬,2.789,5.788,0.242,0.459
765,有点尴尬,3.6,4.286,0.49,0.452
766,格外尴尬,2.533,6.138,0.323,0.636
767,略尴尬,4.067,4.125,0.291,0.565
768,略微尴尬,3.45,4.3,0.712,0.604
769,无比尴尬,2.167,7.167,0.471,0.667
770,极为尴尬,2.957,5.314,0.199,0.61
771,万分尴尬,2.729,5.529,0.333,0.437
772,还帮忙,7.063,5.889,0.165,0.737
773,略滥用,3.929,4.786,0.678,0.589
774,更糟糕,3.0,6.0,0.0,0.0
775,比较聪明,6.8,4.375,0.872,0.484
776,最聪明,8.0,5.625,0.0,0.484
777,更加艰困,2.5,6.143,0.667,0.953
778,更为艰困,2.267,7.65,0.231,0.158
779,格外艰困,2.713,7.113,0.252,0.293
780,最为艰困,2.067,7.633,0.211,0.429
781,更为艰辛,2.188,7.011,0.247,0.318
782,异常艰辛,1.963,7.5,0.099,0.32
783,无比艰辛,2.156,7.022,0.267,0.621
784,万分艰辛,2.111,7.389,0.737,0.393
785,更加艰难,2.188,7.571,0.556,0.416
786,更为艰难,2.433,7.55,0.337,0.374
787,最为艰难,2.375,8.188,0.545,0.556
788,极其艰难,2.057,7.756,0.09,0.409
789,万分谢意,7.367,7.429,0.481,0.495
790,万分谢谢,7.688,7.5,0.428,0.671
791,太丑,2.444,4.625,0.497,0.484
792,好丑,2.667,4.625,0.471,0.484
793,很丑,2.556,4.889,0.497,0.875
794,最为鲜明,6.6,6.025,0.658,0.657
795,异常向往,6.638,6.567,0.328,0.581
796,更加谨慎,7.163,4.963,0.187,0.755
797,更为谨慎,6.378,5.175,0.429,0.502
798,格外谨慎,6.778,4.075,0.545,0.38
799,特别谨慎,6.678,4.678,0.527,0.459
800,异常谨慎,6.857,6.0,0.44,0.964
801,极其谨慎,6.889,6.16,0.314,1.078
802,极为谨慎,7.333,6.714,0.707,0.589
803,万分谨慎,6.889,4.678,0.572,0.644
804,较为谨慎,6.975,3.99,0.211,1.036
805,十分丰富,7.5,6.375,0.408,0.415
806,更加丰富,7.189,5.975,0.491,0.432
807,更为丰富,7.388,6.129,0.369,0.225
808,相当丰富,7.5,6.25,0.5,0.433
809,最为丰富,7.2,6.313,0.9,0.704
810,极为丰富,8.111,6.713,0.328,0.298
811,较丰富,7.0,5.778,0.667,0.671
812,较为丰富,7.013,5.478,0.385,0.516
813,更丰富,7.0,6.0,0.0,0.0
814,格外怀念,6.767,6.389,0.49,0.664
815,极度怀疑,2.163,6.375,0.234,0.997
816,完全赞同,7.813,6.778,0.496,0.478
817,十分关心,7.5,7.556,0.354,0.55
818,尤其关心,7.888,7.114,0.326,0.203
819,非常关心,7.0,7.333,0.0,0.471
820,相当关心,6.789,6.578,0.321,0.71
821,特别关心,7.333,7.22,0.414,0.527
822,最关心,7.5,7.0,0.5,0.0
823,最为关心,7.667,6.675,0.424,0.521
824,极为关心,7.25,7.563,0.354,0.464
825,十分难过,2.044,6.688,0.306,0.658
826,好难过,2.0,6.5,0.0,0.5
827,相当难过,2.375,6.222,0.484,0.416
828,万分难过,2.025,7.0,0.13,0.552
829,很难过,2.0,6.444,0.0,0.497
830,还愿意,5.571,5.338,0.416,0.485
831,太严重,2.6,8.0,0.49,0.0
832,尤其严重,2.3,7.833,0.2,0.226
833,比较严重,3.375,7.2,0.484,0.872
834,更严重,2.5,8.0,0.5,0.0
835,更加严重,2.444,8.0,0.497,0.0
836,更为严重,2.4,8.0,0.49,0.0
837,非常严重,2.0,8.0,0.0,0.0
838,很严重,2.5,8.0,0.5,0.0
839,挺严重,2.61,7.678,0.499,0.471
840,异常严重,2.111,8.083,0.567,0.186
841,最严重,1.625,8.0,0.484,0.0
842,最为严重,1.78,8.511,0.531,0.451
843,稍微严重,3.889,6.0,0.314,0.267
844,越加严重,2.111,7.75,0.515,0.5
845,越发严重,2.333,7.8,0.373,0.245
846,极其严重,1.789,8.013,0.264,0.127
847,极为严重,1.667,8.15,0.4,0.265
848,较严重,3.333,7.444,0.471,0.685
849,较为严重,3.1,7.111,0.492,0.652
850,还严重,2.943,6.988,0.14,0.816
851,蛮严重,2.725,7.4,0.356,0.552
852,相当严重,2.444,8.0,0.497,0.0
853,特别严重,2.014,8.086,0.035,0.099
854,更加严峻,1.813,7.889,0.242,0.657
855,更为严峻,2.411,7.988,0.378,0.465
856,最为严峻,2.222,7.967,0.199,0.501
857,更严格,2.8,7.711,0.24,0.269
858,更加严格,3.5,7.563,0.378,0.3
859,更为严格,3.363,7.413,0.364,0.271
860,异常严格,2.222,7.688,0.416,0.348
861,最为严格,3.111,6.95,0.698,0.65
862,极其严格,2.278,7.688,0.416,0.496
863,较严格,3.0,7.0,0.667,0.0
864,较为严格,3.644,7.067,0.425,0.521
865,极为严格,2.622,7.938,1.263,0.187
866,格外耀眼,7.225,7.163,0.307,0.234
867,最为耀眼,7.55,7.444,0.383,0.542
868,太烂,2.138,6.756,0.212,0.222
869,更烂,2.0,6.0,0.0,0.0
870,很烂,2.0,6.4,0.0,0.49
871,挺烂,2.522,5.46,0.656,0.377
872,最烂,1.6,6.667,0.49,0.816
873,超烂,1.6,7.0,0.49,0.775
874,超级烂,1.75,6.789,0.25,0.817
875,愈烂,2.256,6.1,0.195,0.224
876,蛮烂,2.278,6.09,0.416,0.856
877,蛮蠢,2.378,5.271,0.308,0.403
878,越脏,2.389,5.667,0.567,0.408
879,愈脏,2.675,5.286,0.538,0.452
880,尤其惊人,3.586,8.38,0.264,0.328
881,相当惊人,2.75,8.0,0.829,0.0
882,异常惊人,4.567,7.975,0.529,0.066
883,最为惊人,5.129,8.338,1.22,0.387
884,极为惊人,4.15,7.75,0.848,0.522
885,十分惊讶,5.111,8.313,0.567,0.496
886,相当惊讶,5.556,8.0,0.497,0.0
887,万分惊讶,5.263,8.213,0.712,0.369
888,更加灵活,7.389,5.714,0.695,0.876
889,更为灵活,7.143,5.467,0.226,0.533
890,稍微不小心,4.0,4.429,0.0,0.495
891,还不能反抗,3.111,5.786,0.712,0.92
892,更没有心情,3.363,5.0,0.458,0.849
893,太不可爱,3.643,6.0,0.58,0.707
894,有点不可爱,4.0,3.722,0.0,0.786
895,超级不可爱,2.688,5.929,0.556,0.776
896,十分不可靠,3.0,6.15,0.0,0.776
897,太不可靠,2.722,6.333,0.533,0.667
898,完全没打,4.929,5.688,0.821,1.088
899,更不能打,5.063,6.45,0.768,1.011
900,还不能打,4.086,5.667,0.785,0.687
901,还没打,4.3,4.6,0.212,0.424
902,还不打,4.6,6.143,0.374,0.833
903,完全不能打,3.829,6.083,1.065,0.788
904,完全没有正面,3.889,5.267,0.75,0.8
905,比较不丢脸,4.875,4.625,0.927,0.484
906,完全不同情,3.625,5.143,0.599,0.639
907,尤其不同意,3.563,6.3,0.527,0.872
908,完全不同意,2.6,6.833,0.49,0.687
909,完全不能同意,2.75,6.625,0.512,0.484
910,更没有多余,4.133,5.6,0.907,0.49
911,十分不好,2.778,6.725,0.583,0.958
912,太不好,3.071,5.722,0.175,0.416
913,尤其不好,2.933,6.063,0.497,0.335
914,比较不好,4.0,4.313,0.0,0.747
915,有点不好,3.6,4.714,0.49,0.7
916,更不好,3.4,5.75,0.49,0.661
917,更加不好,3.0,6.125,0.333,0.484
918,怪不好,3.4,5.444,0.49,0.497
919,非常不好,2.333,7.0,0.471,0.775
920,很不好,2.813,5.778,0.496,0.786
921,特别不好,2.556,6.286,0.497,0.881
922,最不好,2.688,6.571,0.556,0.495
923,稍微不好,4.0,4.556,0.0,0.497
924,超不好,2.444,7.063,0.497,0.39
925,越不好,3.167,5.3,0.527,0.9
926,愈不好,3.444,5.688,0.437,0.609
927,极度不好,2.333,7.063,1.155,0.634
928,较不好,4.0,4.0,0.0,0.775
929,还没好,4.4,4.25,0.49,0.829
930,还没有好,4.0,4.714,0.0,0.452
931,还不好,3.567,5.0,0.596,0.756
932,完全没好处,3.111,6.25,0.314,0.829
933,完全没有好处,2.625,5.667,0.484,0.816
934,太不安全,2.778,6.167,0.416,0.373
935,比较不安全,4.0,4.5,0.0,0.5
936,比较没有安全,4.338,4.6,0.517,0.564
937,更不安全,3.0,6.0,0.0,0.667
938,更加不安全,3.075,5.522,0.198,0.498
939,很不安全,2.833,5.556,0.471,0.831
940,相当不安全,3.111,6.056,0.314,0.685
941,最不安全,2.5,6.0,0.5,0.707
942,超级不安全,2.0,6.857,0.667,0.833
943,越不安全,3.611,5.563,0.458,0.464
944,蛮不安全,3.778,5.667,0.478,0.527
945,还不能成功,3.975,5.563,0.156,0.583
946,还没成功,4.0,4.25,0.0,0.873
947,还没有成功,4.0,4.929,0.0,0.175
948,老不死,1.444,6.7,0.685,0.361
949,还不死,1.833,5.5,0.85,0.5
950,还不能死,3.5,6.0,0.632,0.577
951,还没死,4.944,5.444,1.117,0.685
952,还没有死,4.833,5.111,1.546,0.875
953,还没有死心,5.556,5.75,0.831,0.433
954,怪不自在,3.333,5.333,0.471,0.471
955,很不自在,3.333,5.438,0.471,0.583
956,超级不自在,2.667,6.714,0.471,0.452
957,超不自在,2.333,7.143,0.943,0.833
958,太没自信,3.0,5.778,0.0,0.786
959,比较没自信,4.0,4.688,0.0,0.658
960,比较没有自信,4.0,4.688,0.0,0.428
961,更没自信,3.333,5.857,0.471,0.35
962,很没自信,3.0,5.875,0.0,0.599
963,很没有自信,3.0,6.0,0.0,0.756
964,最没自信,2.625,6.111,0.484,0.737
965,超没自信,2.75,6.75,0.829,0.661
966,较没自信,4.0,4.0,0.0,0.667
967,比较不冷,5.375,3.667,0.484,0.471
968,较不冷,5.071,4.429,0.319,0.678
969,完全没利益,3.5,6.438,0.535,0.634
970,最没有利益,4.66,5.675,0.377,0.435
971,尤其不希望,3.275,5.417,0.424,0.449
972,好没希望,3.056,5.813,0.724,0.747
973,完全没希望,2.111,6.222,0.994,0.629
974,完全没有希望,2.0,6.786,0.0,0.92
975,更不希望,3.75,6.056,0.661,0.956
976,更没希望,3.125,6.0,0.331,0.5
977,很没希望,3.556,5.625,1.066,0.484
978,最不希望,3.0,6.333,0.816,0.471
979,比较不能忍,3.575,5.0,0.726,1.0
980,尤其不能忘记,5.25,6.111,0.433,0.567
981,更不能忘记,4.778,5.5,0.916,0.5
982,更没忘记,5.513,5.55,0.537,0.678
983,更没有忘记,5.425,6.083,0.452,0.297
984,最不能忘记,5.378,6.3,0.485,0.622
985,还不能忘记,5.0,4.429,0.0,0.495
986,还没忘记,4.933,4.433,0.356,0.581
987,还没有忘记,5.444,5.125,0.497,0.781
988,十分不快乐,2.889,6.444,0.875,0.497
989,很不快乐,2.556,6.688,0.497,0.747
990,最不快乐,2.556,6.5,0.497,1.0
991,极度不快乐,2.057,7.614,0.199,0.815
992,还不能批评,4.1,5.9,0.374,0.663
993,完全没改善,3.071,6.563,0.175,0.583
994,完全没有改善,3.0,6.056,0.0,0.762
995,还没改善,4.0,5.056,0.0,0.598
996,还不能决定,4.378,5.111,0.444,0.737
997,还没决定,4.4,4.929,0.49,0.175
998,还没有决定,4.65,4.286,0.45,0.452
999,还没有足够,4.222,4.3,0.416,0.6
1000,更不能忽略,5.611,5.071,0.458,0.175
1001,最不能忽略,5.286,5.125,0.7,0.781
1002,更不能忽视,5.0,6.125,0.707,0.927
1003,比较不怕,5.1,4.5,0.831,0.5
1004,完全不怕,6.0,5.778,0.0,0.916
1005,更不怕,5.486,6.41,0.5,0.43
1006,最不怕,5.563,6.056,0.768,0.762
1007,越不怕,6.917,6.5,0.344,0.802
1008,愈不怕,5.413,6.138,0.535,0.773
1009,较不怕,4.95,4.5,0.789,0.471
1010,蛮不怕,5.317,5.05,0.524,0.931
1011,怪不怪,4.7,4.4,0.4,0.49
1012,有点不放心,4.0,4.056,0.0,0.831
1013,更不能放弃,6.0,6.556,1.155,0.685
1014,更没有放弃,6.05,6.7,0.265,0.6
1015,还不放弃,5.214,5.778,0.7,0.629
1016,还不能放弃,5.514,6.438,0.601,0.464
1017,还没放弃,6.333,5.125,0.471,0.331
1018,还没有放弃,5.556,6.25,0.956,0.661
1019,比较没朋友,3.511,3.7,0.463,0.665
1020,好没有朋友,3.42,5.12,0.56,0.786
1021,完全没朋友,2.722,6.0,0.533,0.5
1022,完全没有朋友,2.556,5.857,0.497,0.99
1023,更没朋友,3.443,5.056,0.392,0.896
1024,极度不欣赏,1.889,7.5,0.614,0.535
1025,还没玩,4.85,5.583,0.25,0.449
1026,太没知识,3.375,5.214,0.415,0.589
1027,很没知识,3.389,4.714,0.567,0.7
1028,比较没信心,4.0,4.667,0.0,0.471
1029,比较没有信心,3.778,5.0,0.416,0.0
1030,好没信心,3.071,5.125,0.175,0.781
1031,完全没信心,3.0,6.222,0.0,0.916
1032,完全没有信心,3.0,6.222,0.0,0.786
1033,更没信心,3.0,5.2,0.0,0.872
1034,更没有信心,3.556,6.143,0.437,0.833
1035,很没信心,2.95,5.111,0.723,0.737
1036,很没有信心,3.056,5.625,0.157,0.484
1037,最没信心,2.556,6.125,0.497,0.781
1038,超没信心,2.667,7.0,0.471,0.866
1039,较没信心,3.75,5.286,0.433,0.452
1040,完全不信任,2.75,6.125,0.433,0.927
1041,更加不信任,3.063,6.125,0.165,0.599
1042,极度不信任,2.063,7.0,0.165,0.866
1043,更没有勇气,3.7,6.163,0.523,0.797
1044,完全不后悔,6.056,5.625,0.956,0.484
1045,比较不恰当,4.0,4.375,0.0,0.484
1046,非常不恰当,2.556,6.125,0.497,0.781
1047,相当不恰当,3.389,4.714,0.458,0.452
1048,还不流行,4.45,4.111,0.472,0.737
1049,还没流行,4.5,4.278,0.471,0.583
1050,太不相信,4.0,6.0,0.707,0.667
1051,完全不相信,2.625,6.188,0.484,0.496
1052,完全不能相信,3.167,6.625,0.471,0.484
1053,更不相信,3.278,5.875,0.416,0.331
1054,最不能相信,2.75,6.571,0.661,0.495
1055,还不相信,4.071,4.889,0.175,0.737
1056,比较没负担,4.611,3.929,0.809,0.175
1057,比较没有负担,5.389,3.778,0.737,0.416
1058,更没有负担,5.7,5.288,0.756,0.537
1059,最没负担,6.143,5.167,0.833,0.687
1060,最没有负担,6.5,5.333,0.75,0.553
1061,比较没风险,5.625,5.143,0.696,0.639
1062,比较没有风险,5.125,5.143,0.781,0.639
1063,完全没风险,6.563,6.0,0.464,0.632
1064,完全没有风险,6.714,5.0,0.452,1.118
1065,更没有风险,5.5,5.75,0.707,1.146
1066,最没风险,5.6,5.789,0.555,0.831
1067,最没有风险,6.944,6.143,0.643,0.639
1068,太不值得,2.75,6.625,0.512,0.484
1069,完全不值得,2.667,6.833,0.471,0.943
1070,超不值得,2.25,7.375,0.433,0.696
1071,超级不值得,2.75,6.778,0.433,0.916
1072,比较不值钱,4.0,5.0,0.0,0.775
1073,越不值钱,4.0,5.5,0.0,1.025
1074,完全不能原谅,2.5,7.0,0.5,0.667
1075,更不能原谅,3.444,5.875,0.497,0.599
1076,最不能原谅,2.333,7.0,0.471,0.816
1077,比较不害羞,5.444,3.722,0.497,0.533
1078,尤其不能容忍,2.5,6.625,0.5,0.857
1079,完全不能容忍,2.222,6.938,0.629,0.726
1080,更不能容忍,3.0,6.5,0.0,0.5
1081,最不能容忍,2.5,7.0,0.577,0.756
1082,比较没差,5.05,3.6,0.723,0.49
1083,比较没有差,4.75,4.214,0.5,0.452
1084,完全没差,5.167,5.167,0.816,0.373
1085,最没差,5.357,4.429,0.58,1.208
1086,最没有差,5.071,3.9,0.623,0.663
1087,还不差,6.0,4.444,0.0,0.497
1088,较没差,5.0,3.875,0.667,0.331
1089,太没效率,2.75,6.188,0.512,0.704
1090,太没有效率,3.167,6.438,0.408,0.39
1091,比较没效率,4.0,4.0,0.0,0.816
1092,好没效率,3.5,6.0,0.5,0.0
1093,更没效率,3.389,6.056,0.458,0.762
1094,更没有效率,3.333,5.625,0.333,0.507
1095,最没效率,2.688,6.714,0.348,0.881
1096,最没有效率,3.056,5.714,0.497,0.881
1097,较没效率,4.0,4.0,0.0,0.816
1098,很没效率,3.063,5.111,0.165,0.737
1099,很没有效率,3.389,5.563,0.458,0.464
1100,完全没贡献,3.0,5.875,0.667,0.599
1101,完全没有贡献,2.789,5.778,0.778,0.583
1102,十分不高兴,2.333,7.571,0.471,0.495
1103,有点不高兴,4.0,4.857,0.0,0.639
1104,很不高兴,2.444,6.944,0.497,0.685
1105,相当不高兴,3.0,6.5,0.0,0.463
1106,更没有强奸,4.275,8.65,1.314,0.206
1107,完全不能控制,3.05,6.556,0.723,0.497
1108,还不能控制,3.643,5.167,0.44,0.782
1109,比较不敏感,5.5,4.071,0.5,0.175
1110,较不敏感,5.278,3.625,0.533,0.484
1111,比较没救,3.556,4.714,0.497,0.452
1112,完全没救,2.333,7.125,0.471,0.599
1113,更没救,3.0,6.0,0.0,1.0
1114,很没救,2.957,6.96,0.742,0.049
1115,太不清楚,3.444,4.714,0.497,0.7
1116,比较不清楚,4.063,3.6,0.165,0.49
1117,完全不清楚,3.556,4.556,0.497,0.497
1118,更不清楚,3.0,5.333,0.0,0.471
1119,超不清楚,3.375,6.0,0.484,0.926
1120,越不清楚,4.125,5.071,0.331,0.776
1121,较不清楚,4.0,3.667,0.0,0.816
1122,还不清楚,4.063,2.75,0.165,0.433
1123,蛮不清楚,4.0,4.625,0.0,0.484
1124,十分不爽,2.4,7.444,0.49,0.497
1125,太不爽,3.0,7.5,0.0,0.5
1126,有点不爽,3.778,4.944,0.416,0.762
1127,老不爽,2.5,7.188,0.577,0.864
1128,更不爽,3.0,6.778,0.0,0.629
1129,更加不爽,3.0,7.625,0.943,0.484
1130,非常不爽,2.333,7.625,0.471,0.484
1131,很不爽,1.625,7.25,0.484,0.433
1132,相当不爽,2.667,7.0,0.471,0.0
1133,挺不爽,3.0,6.125,0.0,0.781
1134,最不爽,2.25,7.833,0.433,0.816
1135,稍微不爽,4.0,5.188,0.0,0.609
1136,超不爽,1.375,7.929,0.484,0.175
1137,超级不爽,1.9,7.688,0.831,0.428
1138,越不爽,3.263,6.3,0.427,0.6
1139,愈不爽,3.433,7.489,0.33,0.597
1140,极度不爽,2.063,7.5,0.165,0.5
1141,极为不爽,2.625,8.111,0.484,0.567
1142,还不爽,3.0,7.5,0.764,0.378
1143,还没爽,3.875,6.786,0.893,0.525
1144,蛮不爽,3.0,5.438,0.0,0.464
1145,非常不理想,2.333,6.833,0.471,0.816
1146,相当不理想,2.667,5.667,0.471,0.471
1147,较不理想,4.0,4.75,0.0,0.433
1148,蛮不理想,3.5,5.0,0.5,0.866
1149,十分不喜欢,2.5,7.071,0.463,0.319
1150,尤其不喜欢,3.35,5.857,0.45,0.639
1151,比较不喜欢,4.0,4.0,0.0,0.667
1152,有点不喜欢,4.0,5.125,0.0,0.781
1153,更不喜欢,2.722,5.813,0.533,0.609
1154,更加不喜欢,2.713,6.683,0.392,0.484
1155,怪不喜欢,3.0,6.25,0.5,0.433
1156,非常不喜欢,2.375,6.889,0.484,0.737
1157,挺不喜欢,3.111,6.0,0.737,0.0
1158,特别不喜欢,2.722,6.438,0.533,0.583
1159,超不喜欢,2.0,7.063,0.0,0.634
1160,越不喜欢,3.063,5.813,0.165,0.348
1161,愈不喜欢,3.0,5.286,0.0,0.452
1162,蛮不喜欢,3.611,5.625,0.458,0.484
1163,最不喜欢,2.375,6.286,0.484,0.881
1164,超级不喜欢,2.375,7.313,0.484,0.556
1165,太不尊重,2.444,7.0,0.497,0.535
1166,完全不尊重,2.556,7.0,0.497,0.866
1167,完全没有尊重,2.556,6.571,0.497,0.495
1168,很不尊重,2.556,6.75,0.497,0.433
1169,相当不尊重,2.444,6.444,0.497,0.497
1170,最不尊重,2.75,6.929,0.354,0.495
1171,超不尊重,2.5,7.167,0.5,0.577
1172,超级不尊重,2.556,7.0,0.685,0.667
1173,极度不尊重,2.0,7.125,0.0,0.781
1174,蛮不尊重,3.556,5.444,0.497,0.497
1175,太没有尊严,2.929,6.571,0.175,0.416
1176,好没尊严,3.0,5.543,0.294,0.475
1177,更没尊严,3.278,6.167,0.583,0.745
1178,很没尊严,2.778,6.357,0.629,0.44
1179,很没有尊严,2.64,6.063,0.436,0.165
1180,最没尊严,3.211,6.371,0.428,0.56
1181,超没尊严,2.643,7.056,0.44,0.598
1182,更没有悲观,5.271,5.014,0.711,0.794
1183,比较不痛,4.7,4.0,0.9,0.816
1184,稍微不痛,4.65,5.15,0.684,0.843
1185,较不痛,5.75,4.188,0.433,0.348
1186,十分不舒服,2.75,5.938,0.512,0.726
1187,太不舒服,2.75,6.111,0.512,0.737
1188,比较不舒服,4.0,4.857,0.0,0.639
1189,更不舒服,3.063,5.375,0.165,0.484
1190,更加不舒服,3.222,5.833,0.416,0.577
1191,非常不舒服,2.375,7.0,0.484,0.866
1192,很不舒服,2.688,5.333,0.556,0.471
1193,相当不舒服,2.556,5.889,0.497,0.875
1194,挺不舒服,3.4,4.889,0.49,0.737
1195,超不舒服,2.375,6.714,0.484,0.452
1196,越不舒服,3.3,5.583,0.406,0.607
1197,极度不舒服,2.333,6.929,0.471,0.776
1198,蛮不舒服,3.389,5.0,0.458,0.667
1199,超级不舒服,2.333,7.111,0.471,0.737
1200,有点不开心,4.0,5.357,0.0,0.693
1201,非常不开心,2.667,7.167,0.471,1.155
1202,很不开心,2.444,6.778,0.497,0.416
1203,相当不开心,2.556,7.375,0.685,0.484
1204,超不开心,2.6,7.389,0.49,0.875
1205,蛮不开心,3.4,5.688,0.49,0.428
1206,超级不开心,2.333,7.056,0.471,0.762
1207,还不能乱,4.5,5.417,0.447,1.017
1208,比较不伤,4.95,4.688,0.907,0.428
1209,较不伤,4.257,4.378,0.392,0.437
1210,比较没伤害,4.856,4.8,0.753,0.445
1211,比较没有伤害,5.0,5.9,0.764,0.2
1212,最没伤害,5.289,6.125,0.659,0.894
1213,尤其不想,3.714,4.929,0.647,0.623
1214,有点不想,4.0,4.583,0.0,0.731
1215,老不想,4.286,4.8,0.247,0.748
1216,完全没想,4.222,3.583,0.885,0.607
1217,完全没有想,4.588,4.289,0.437,0.731
1218,更不想,4.25,5.667,0.612,0.553
1219,更加不想,3.357,5.5,0.639,0.5
1220,更没有想,4.643,5.0,0.639,0.548
1221,怪不想,4.083,5.417,0.186,0.449
1222,非常不想,2.95,6.25,0.723,0.968
1223,很不想,3.611,5.586,0.574,0.677
1224,特别不想,3.625,6.0,0.484,0.707
1225,超不想,3.188,6.5,0.348,0.5
1226,超级不想,2.556,6.571,0.437,0.678
1227,越不想,3.989,4.111,0.679,0.698
1228,愈不想,3.778,5.071,0.583,0.863
1229,极度不想,2.838,6.333,0.331,0.687
1230,还不想,4.55,4.0,0.472,0.707
1231,还没想,4.643,3.286,0.35,0.364
1232,还没有想,4.389,4.125,0.458,0.65
1233,蛮不想,3.611,5.188,0.458,0.933
1234,最不想,3.857,5.0,0.35,0.707
1235,太没爱,3.45,5.729,0.496,0.878
1236,太没有爱,2.625,6.556,0.484,0.497
1237,比较不爱,4.0,3.833,0.0,0.577
1238,比较没爱,3.863,4.0,0.328,0.756
1239,比较没有爱,3.963,5.0,0.579,0.707
1240,更不爱,3.1,5.813,0.735,0.704
1241,更没爱,3.25,5.5,0.5,1.195
1242,很不爱,2.167,6.813,0.471,0.747
1243,很没爱,3.329,5.517,0.709,0.71
1244,特别不爱,2.111,6.714,0.737,0.452
1245,最不爱,2.0,6.75,0.782,1.061
1246,最没爱,2.6,6.7,1.091,0.51
1247,超不爱,2.5,7.125,0.5,0.599
1248,超级不爱,2.875,6.75,0.599,0.433
1249,越不爱,2.875,5.938,0.415,0.583
1250,较不爱,3.722,5.222,0.671,0.885
1251,很没有爱,2.778,6.0,0.786,0.816
1252,太没爱心,3.0,6.643,0.471,0.639
1253,很没爱心,3.278,5.667,0.416,0.471
1254,更没感情,3.5,6.313,0.5,0.788
1255,很没感情,3.438,6.188,0.39,0.788
1256,很没有感情,3.25,5.667,0.5,0.799
1257,超没感情,2.911,6.5,0.687,0.463
1258,还不感谢,4.625,6.0,0.65,0.0
1259,更没烦恼,5.586,6.144,0.416,0.821
1260,完全不能解决,2.556,6.0,0.497,0.756
1261,完全没有解决,3.063,6.563,0.165,0.583
1262,还不能解决,3.667,4.625,0.471,0.484
1263,还没解决,4.0,4.75,0.0,0.433
1264,还没有解决,4.0,5.0,0.0,0.0
1265,完全没遇到,5.0,5.0,0.0,0.756
1266,还没遇到,4.938,3.444,0.165,0.497
1267,还没有遇到,4.938,3.625,0.165,0.484
1268,还没有游戏,4.9,4.5,0.141,0.5
1269,比较没有对,3.929,5.083,0.821,0.607
1270,有点不对,4.0,4.056,0.0,0.831
1271,有点没有对,4.357,4.5,0.226,0.559
1272,完全不对,2.556,5.625,0.497,0.696
1273,完全没对,3.175,6.063,0.307,0.726
1274,完全没有对,2.778,5.833,0.629,0.373
1275,稍微不对,4.05,4.363,0.132,0.412
1276,还不满足,3.5,5.357,0.5,0.789
1277,还不能满足,4.667,4.522,0.783,0.498
1278,比较不满意,4.0,4.944,0.0,0.685
1279,有点不满意,4.0,5.0,0.0,0.0
1280,很不满意,2.444,6.5,0.497,0.667
1281,相当不满意,2.722,6.444,0.533,0.497
1282,越不满意,3.333,5.889,0.471,0.737
1283,极度不满意,1.625,7.429,0.484,0.495
1284,较不满意,4.0,4.625,0.0,0.484
1285,还不满意,3.5,5.625,0.5,0.696
1286,最不满意,2.111,6.5,0.737,0.5
1287,稍微不满意,4.0,4.611,0.0,0.567
1288,完全没有认真,3.111,6.125,0.567,0.415
1289,十分不乐观,2.5,6.833,0.5,0.373
1290,更不乐观,3.063,6.1,0.165,0.831
1291,更加不乐观,3.111,6.444,0.737,0.685
1292,非常不乐观,2.667,6.625,0.471,1.111
1293,相当不乐观,2.556,6.056,0.497,0.762
1294,极度不乐观,1.5,6.214,0.667,0.647
1295,有点不确定,4.063,4.222,0.165,0.416
1296,更加不确定,3.744,6.189,0.593,0.677
1297,较不确定,4.0,4.071,0.0,0.175
1298,还不能确定,4.444,4.1,0.497,0.831
1299,还没确定,4.5,4.75,0.5,0.433
1300,还没有确定,4.611,4.0,0.458,0.0
1301,完全不冲突,5.875,5.167,0.781,0.687
1302,完全没有冲突,6.0,5.667,0.707,1.247
1303,更没有冲突,4.72,5.338,0.392,0.472
1304,还不能质疑,4.214,6.0,0.589,0.782
1305,太不适合,3.0,5.889,0.0,0.875
1306,比较不适合,4.0,3.85,0.0,0.776
1307,有点不适合,4.056,3.444,0.157,0.497
1308,完全不适合,2.667,6.0,0.471,0.816
1309,更不适合,3.167,5.125,0.577,0.927
1310,非常不适合,2.611,6.143,0.567,0.639
1311,很不适合,2.375,5.75,0.484,0.661
1312,最不适合,3.071,5.571,0.175,0.904
1313,超不适合,2.5,6.375,0.577,0.992
1314,较不适合,4.0,4.833,0.0,0.687
1315,蛮不适合,3.5,4.9,0.5,0.831
1316,超级不适合,2.4,6.667,0.49,0.816
1317,较不适宜,4.0,4.5,0.0,0.471
1318,非常不适当,2.667,6.214,0.471,0.749
1319,很没魄力,3.071,6.111,0.175,0.698
1320,超没魄力,3.111,6.25,0.737,0.968
1321,太不积极,3.5,6.222,0.5,0.786
1322,完全没有积极,3.5,6.357,0.497,0.875
1323,更没有积极,4.544,4.725,0.44,0.655
1324,比较没兴趣,4.056,3.875,0.157,0.599
1325,比较没有兴趣,4.311,4.743,0.412,0.498
1326,好没兴趣,3.833,5.688,0.471,0.704
1327,更没兴趣,3.556,6.167,0.437,0.236
1328,很没兴趣,3.611,5.375,0.624,0.696
1329,很没有兴趣,3.725,5.125,0.591,0.877
1330,较没兴趣,4.0,5.0,0.333,0.535
1331,完全不输,6.4,5.5,0.49,0.5
1332,更不能输,5.667,6.25,0.816,0.661
1333,最不能输,4.8,6.643,0.678,0.35
1334,还没输,5.688,5.3,0.609,0.872
1335,完全没错,6.625,5.857,0.484,0.639
1336,完全没有错,6.667,5.944,0.471,0.896
1337,更没错,6.167,6.389,0.745,0.698
1338,更没有错,5.438,6.278,0.682,0.533
1339,很没错,5.84,5.083,0.427,0.837
1340,尤其不能错过,6.125,6.0,0.599,0.471
1341,最不能错过,5.85,6.75,1.001,0.433
1342,更不能随便,4.875,6.438,0.74,0.464
1343,比较没有优势,3.667,5.286,0.471,0.7
1344,比较没压力,5.722,4.375,0.533,0.484
1345,比较没有压力,5.688,4.375,0.556,0.484
1346,完全没压力,6.714,5.417,0.452,0.837
1347,完全没有压力,6.0,6.0,0.756,1.323
1348,更没有压力,6.333,4.938,0.667,0.95
1349,最没压力,5.889,5.625,0.875,1.409
1350,较没压力,4.4,4.689,0.503,0.431
1351,完全没帮助,3.071,6.111,0.175,0.737
1352,完全没有帮助,3.0,5.5,0.0,0.5
1353,更没有帮助,3.189,5.786,0.328,0.525
1354,最没帮助,3.1,6.375,0.735,0.65
1355,最没有帮助,2.978,6.417,0.59,0.449
1356,更不能滥用,4.883,6.5,0.932,0.433
1357,完全不能松懈,5.556,5.889,0.956,0.737
1358,比较不关心,4.0,4.0,0.0,0.816
1359,越不关心,3.333,5.875,0.408,1.139
1360,较不关心,4.0,4.643,0.0,0.693
1361,完全不愿,2.389,6.1,0.393,0.8
1362,更不愿,3.5,5.786,0.447,0.525
1363,最不愿,3.05,7.071,0.757,0.175
1364,较不愿,4.0,5.0,0.0,0.866
1365,还不愿,3.938,5.333,0.165,0.816
1366,比较不愿意,4.0,4.889,0.0,0.875
1367,完全不愿意,3.071,6.875,0.175,0.599
1368,更不愿意,3.111,6.0,0.567,0.667
1369,最不愿意,2.833,6.714,0.667,0.452
1370,较不愿意,4.0,4.4,0.0,0.49
1371,还不愿意,4.0,5.05,0.0,0.85
1372,较不严重,4.8,4.438,0.872,0.682
1373,还不严重,5.0,4.857,0.894,0.833
1374,还不能赢,4.333,5.857,0.471,0.639
1375,比较不烂,4.429,5.563,0.562,0.583
1376,稍微不烂,4.275,4.525,0.552,0.466
1377,较不烂,4.25,5.025,0.873,0.665
1378,更不能牺牲,5.271,6.571,0.828,0.562
1379,比较没顾虑,5.675,4.488,0.479,0.542
1380,比较没有顾虑,5.513,4.144,0.437,0.641
1381,可能不利,3.58,5.538,0.477,0.472
1382,本来心情,4.75,4.8,0.433,0.812
1383,也许心情,4.75,3.875,0.433,0.217
1384,本来支持,5.244,4.35,0.882,0.456
1385,可能支持,6.167,5.1,0.577,0.995
1386,应该支持,6.0,4.8,0.624,0.872
1387,本能支配,4.744,5.057,0.403,0.232
1388,也许失去,3.833,5.313,0.333,0.428
1389,可能失去,3.889,5.222,0.208,0.629
1390,可能打破,4.643,5.5,0.226,0.624
1391,也许正,5.563,4.313,0.39,0.428
1392,可能正,5.75,4.286,0.25,0.364
1393,本来同情,4.444,4.071,0.55,0.495
1394,也许好,5.556,4.6,0.369,0.397
1395,可能好,5.567,4.286,0.149,0.452
1396,应该好,5.875,4.929,0.415,0.175
1397,也许成功,6.563,5.688,0.726,0.348
1398,可能成功,6.643,5.625,0.742,0.484
1399,也许有钱,5.656,5.111,0.313,0.743
1400,也许死,2.375,5.786,0.696,0.452
1401,可能死,2.438,4.5,0.464,0.5
1402,应该死刑,2.75,6.714,0.354,0.525
1403,也许自由,5.114,4.45,0.368,0.43
1404,本来免费,4.556,4.556,0.643,0.643
1405,也许希望,5.863,4.243,0.4,0.354
1406,本来希望,4.922,4.833,0.571,0.667
1407,也许忘记,4.5,4.583,0.25,0.786
1408,可能忘记,4.556,4.438,0.283,0.464
1409,本来忘记,4.743,4.575,0.472,0.452
1410,应该把握,5.55,4.84,0.463,0.917
1411,本来决定,4.678,5.443,0.485,0.42
1412,应该足够,5.25,3.813,0.354,0.747
1413,应该协助,5.888,4.5,0.344,0.583
1414,可能忽略,4.375,3.813,0.415,0.788
1415,也许怕,3.833,5.375,0.624,0.415
1416,本来怕,4.75,5.125,0.791,0.331
1417,应该怪,4.0,5.0,0.5,0.707
1418,应该承担,5.089,4.667,0.509,0.471
1419,本来拒绝,5.0,6.0,0.829,0.624
1420,可能放弃,3.55,5.0,0.415,0.25
1421,应该放弃,3.611,5.0,0.614,0.25
1422,可能玩,5.063,4.625,0.464,0.415
1423,应该保护,5.857,5.75,0.515,0.707
1424,也许勉强,3.889,4.611,0.515,0.614
1425,可能威胁,3.75,6.25,0.25,0.5
1426,本来相信,5.46,4.75,0.589,0.661
1427,应该相信,6.0,4.786,0.577,0.247
1428,可能致命,3.0,6.222,0.0,0.82
1429,可能面临,4.822,4.5,0.315,0.661
1430,也许值得,5.722,4.625,0.342,0.484
1431,本来害怕,4.167,5.0,0.373,0.433
1432,可能差,3.613,4.425,0.395,0.463
1433,应该差,4.0,4.143,0.5,0.44
1434,可能破坏,3.538,6.078,0.472,0.784
1435,应该高兴,6.311,5.722,0.443,0.916
1436,应该清楚,5.222,3.722,0.478,0.82
1437,应该爽,6.322,6.033,0.437,0.718
1438,也许喜欢,6.075,4.613,0.198,0.525
1439,可能喜欢,6.078,4.644,0.162,0.504
1440,本来喜欢,4.813,5.0,0.827,0.236
1441,可能丧失,3.611,4.82,0.513,0.733
1442,本该尊重,5.063,5.5,0.634,0.378
1443,应该尊重,5.856,4.944,0.435,0.598
1444,也许最好,6.357,6.178,0.639,0.585
1445,本来犹豫,4.75,4.5,0.5,0.471
1446,本来答应,4.875,4.025,0.179,0.745
1447,本来开心,4.525,5.35,0.479,0.676
1448,应该开心,5.986,5.35,0.242,0.456
1449,本来乱,3.8,5.114,0.6,0.806
1450,也许干,4.0,5.9,0.707,0.49
1451,也许想,5.0,3.938,0.0,0.808
1452,可能想,4.889,3.444,0.208,0.685
1453,本来想,4.6,3.5,0.42,0.521
1454,应该想,5.0,3.714,0.0,0.452
1455,也许爱,6.5,4.65,0.624,0.517
1456,也许感情,5.0,4.9,0.0,0.663
1457,应该禁止,3.625,5.389,0.65,0.657
1458,可能解决,5.7,4.488,0.235,0.488
1459,也许遇到,5.088,3.986,0.169,0.083
1460,可能遇到,5.025,3.444,0.066,0.531
1461,可能违法,3.5,6.063,0.333,0.3
1462,也许对,5.6,3.86,0.44,0.785
1463,可能对,5.563,4.313,0.39,0.428
1464,本该对,4.814,5.163,0.436,0.62
1465,应该对,5.7,4.1,0.568,0.742
1466,也许认真,5.9,4.333,0.321,0.373
1467,应该庆幸,6.125,5.833,0.545,0.882
1468,本来确定,4.971,4.875,0.205,0.599
1469,可能冲击,3.875,6.313,0.484,0.348
1470,也许适合,5.238,3.344,0.218,0.71
1471,可能担心,4.111,5.5,0.458,0.667
1472,本来担心,4.429,6.063,0.416,0.634
1473,应该担心,4.056,5.8,0.685,0.557
1474,应该积极,5.85,6.0,0.923,0.267
1475,也许输,4.071,4.583,0.495,0.534
1476,可能输,3.944,4.5,0.157,0.463
1477,本来输,4.286,4.938,0.452,0.634
1478,也许错误,3.929,5.438,0.175,0.583
1479,也许帮助,5.9,4.967,0.233,0.69
1480,应该帮助,6.189,5.5,0.513,0.5
1481,本来怀疑,4.04,4.45,0.731,0.466
1482,应该关心,5.833,5.563,0.236,0.39
1483,可能严重,3.333,5.857,0.782,0.58
1484,应该严格,4.056,6.35,0.724,0.712
1485,可能赢,6.111,6.167,0.314,0.527
1486,本来赢,4.5,5.667,0.577,0.471
1487,应该赢,6.325,6.05,0.492,0.779
1488,可能赢得,6.556,6.313,0.437,0.428
1489,可能最不利,2.556,6.438,0.55,0.527
1490,本来很反对,4.6,4.633,0.476,0.453
1491,本来蛮支持,5.056,5.5,0.685,0.612
1492,应该最支持,7.429,6.0,0.728,0.378
1493,可能更可怕,2.833,7.0,0.882,0.408
1494,应该更可怕,2.375,6.944,0.415,0.55
1495,可能太正,6.643,6.083,0.639,0.672
1496,应该挺正,6.389,5.2,0.657,0.927
1497,可能比较正,6.333,4.611,0.624,0.698
1498,可能很正,6.625,5.643,0.781,0.693
1499,本来很正,5.214,4.938,0.589,0.726
1500,应该很正,6.813,5.688,0.658,0.428
1501,应该蛮正,6.244,5.111,0.587,0.743
1502,本来很同情,4.367,4.95,0.35,0.745
1503,也许比较好,5.778,5.111,0.583,0.614
1504,也许更好,6.433,4.99,0.616,0.778
1505,也许很好,5.85,4.6,0.212,0.469
1506,可能比较好,6.375,4.875,0.65,0.331
1507,可能很好,6.356,4.833,0.574,0.667
1508,可能稍微好,5.622,4.422,0.312,0.476
1509,可能较好,6.25,5.222,0.661,0.629
1510,可能还好,5.143,4.563,0.58,0.464
1511,本来很好,5.167,5.714,0.687,0.364
1512,应该比较好,6.6,5.289,0.397,0.619
1513,应该更好,6.5,5.786,0.816,0.247
1514,应该非常好,7.1,6.178,0.24,0.346
1515,应该很好,6.857,5.5,0.44,0.667
1516,应该挺好,6.186,5.286,0.387,0.525
1517,应该特别好,7.014,6.033,0.247,0.137
1518,应该超好,7.163,5.944,0.384,0.762
1519,应该较好,6.233,4.944,0.672,0.831
1520,应该还好,5.55,4.167,0.529,0.816
1521,应该蛮好,6.563,5.071,0.634,0.175
1522,可能比较安全,6.438,4.286,0.634,0.452
1523,可能还安全,5.438,4.278,0.527,0.416
1524,应该比较安全,6.222,4.556,0.749,0.437
1525,应该最安全,7.143,6.071,0.58,0.776
1526,应该还安全,5.556,4.375,0.369,0.484
1527,应该蛮安全,6.389,4.722,0.737,0.671
1528,可能比较有效,5.91,5.02,0.729,0.807
1529,可能更有效,6.6,5.371,0.501,0.446
1530,可能还有效,5.667,4.657,0.594,0.583
1531,应该比较有效,6.75,6.25,0.433,0.692
1532,可能更有趣,6.833,5.944,0.631,0.437
1533,应该挺有趣,6.733,5.286,0.323,0.587
1534,应该很有趣,7.0,6.056,0.667,0.762
1535,应该蛮有趣,6.9,5.6,0.371,0.424
1536,可能更有钱,6.511,6.16,0.463,0.287
1537,可能很有钱,6.225,5.0,0.531,0.783
1538,可能还有钱,5.313,4.389,0.426,0.574
1539,应该非常有钱,6.575,6.278,0.494,0.621
1540,应该很有钱,6.571,5.714,0.562,0.364
1541,可能有点冷,4.078,4.156,0.355,0.512
1542,应该更完善,6.267,4.611,0.724,0.567
1543,可能很希望,6.5,5.714,0.764,0.7
1544,可能还希望,6.55,5.857,1.036,0.44
1545,本来还希望,5.1,4.9,0.772,0.608
1546,应该比较希望,6.0,5.333,0.378,0.471
1547,应该最希望,7.2,6.167,0.812,0.471
1548,应该非常足够,6.4,5.075,0.462,0.888
1549,可能很怕,3.556,6.111,0.55,0.515
1550,可能最怕,2.143,6.75,0.226,0.5
1551,本来很怕,4.2,5.833,0.678,0.882
1552,本来还怕,4.42,6.157,0.739,0.555
1553,应该比较怕,3.813,5.9,0.428,0.735
1554,应该最怕,2.3,6.714,0.4,0.525
1555,应该超怕,2.611,7.0,0.567,0.624
1556,可能有点怪,3.53,4.688,0.473,0.499
1557,可能比较勉强,3.722,4.988,0.533,0.729
1558,可能有点勉强,3.833,4.875,0.471,0.545
1559,可能还勉强,3.625,4.5,0.484,0.463
1560,应该还勉强,4.333,4.363,0.622,0.412
1561,可能太帅,7.0,5.75,0.0,0.5
1562,可能很帅,6.556,5.688,0.643,0.348
1563,本来有点后悔,4.722,4.357,0.671,0.915
1564,应该超后悔,2.57,6.714,0.473,0.587
1565,应该更珍惜,7.143,5.643,0.25,0.539
1566,可能比较陌生,4.063,4.389,0.682,1.074
1567,可能有点陌生,4.05,3.625,0.789,0.82
1568,可能有点风险,4.111,5.629,0.328,0.721
1569,可能更值得,7.0,6.0,0.559,0.408
1570,可能最值得,6.813,6.438,0.704,0.768
1571,应该蛮值得,6.643,5.513,0.385,0.597
1572,本来有点害怕,4.375,5.5,0.545,0.5
1573,本来很害怕,4.643,5.778,0.953,0.916
1574,可能比较差,3.611,4.75,0.458,0.829
1575,可能很差,3.438,4.633,0.418,0.432
1576,可能较差,3.544,3.838,0.479,0.51
1577,应该非常差,2.389,5.688,0.458,0.556
1578,可能还差,3.167,4.6,0.816,0.624
1579,可能更恐怖,2.367,7.056,0.313,0.685
1580,可能比较缺乏,3.244,4.933,0.409,0.859
1581,可能较缺乏,3.533,4.022,0.51,0.063
1582,可能太臭,2.889,5.3,0.698,0.245
1583,应该很讨厌,2.643,6.813,0.693,0.496
1584,可能很讨厌,2.275,6.5,0.424,0.467
1585,本来很讨厌,4.28,5.343,0.319,0.42
1586,应该超讨厌,2.375,7.0,0.415,0.316
1587,本来很高兴,5.271,5.529,0.52,0.69
1588,应该更高兴,7.111,6.5,0.737,0.75
1589,应该非常高兴,7.563,7.313,0.39,0.609
1590,应该很高兴,6.811,6.644,0.621,0.46
1591,可能比较强,6.313,5.167,0.496,0.471
1592,可能更强,6.656,5.844,0.392,0.564
1593,可能很强,5.5,5.222,0.463,0.583
1594,本来很强,4.917,5.125,0.731,0.545
1595,应该比较强,6.556,5.278,0.643,0.533
1596,应该更强,6.525,5.667,0.435,0.432
1597,应该很强,6.422,5.7,0.494,0.532
1598,应该挺强,6.556,5.643,0.497,0.44
1599,应该蛮强,6.189,5.575,0.468,0.441
1600,本来很排斥,4.625,5.944,0.545,0.685
1601,可能比较清楚,5.563,4.375,0.464,0.857
1602,应该最清楚,5.913,5.163,0.169,0.678
1603,应该比较清楚,5.843,4.525,0.199,0.529
1604,应该更清楚,5.625,4.056,0.545,0.685
1605,应该很清楚,6.429,3.9,0.562,0.2
1606,应该蛮清楚,6.0,3.813,0.667,0.496
1607,可能比较爽,6.433,5.986,0.512,0.645
1608,应该比较爽,7.125,7.25,0.82,0.661
1609,应该更爽,6.513,7.744,0.468,0.445
1610,应该很爽,6.85,6.0,0.543,0.913
1611,应该挺爽,7.556,6.611,0.643,0.614
1612,应该最爽,7.722,7.722,0.478,0.533
1613,应该蛮爽,7.167,6.722,0.667,0.749
1614,可能比较笨,3.611,5.088,0.495,0.635
1615,可能太累,3.25,4.75,0.612,0.559
1616,可能比较累,3.611,4.444,0.567,0.643
1617,可能有点累,3.913,3.7,0.169,0.574
1618,可能更累,3.188,5.178,0.569,0.751
1619,可能很累,3.25,5.063,0.559,0.882
1620,可能比较麻烦,3.75,5.188,0.354,0.747
1621,可能更麻烦,2.889,5.5,0.698,0.5
1622,可能很麻烦,3.356,6.263,0.46,0.482
1623,可能比较喜欢,6.356,5.0,0.504,0.816
1624,可能更喜欢,7.075,6.444,0.268,0.497
1625,可能较喜欢,6.011,5.375,0.716,0.441
1626,本来很喜欢,5.063,5.875,0.882,0.65
1627,本来最喜欢,5.333,5.75,0.687,1.006
1628,本来超喜欢,5.063,6.056,0.768,0.685
1629,本来蛮喜欢,5.0,5.5,0.5,0.5
1630,应该比较喜欢,6.125,5.857,0.599,0.226
1631,应该最喜欢,7.625,6.056,0.331,0.724
1632,应该蛮喜欢,6.822,6.122,0.418,0.721
1633,可能更恶化,2.46,6.856,0.418,0.403
1634,可能太无聊,3.325,3.856,0.455,0.744
1635,本来有点犹豫,5.0,4.5,0.559,0.408
1636,本来还犹豫,4.778,4.438,0.629,0.464
1637,应该蛮舒服,6.375,4.3,0.545,0.6
1638,本来超开心,5.34,6.125,0.561,0.781
1639,本来很开心,4.813,4.938,0.747,0.726
1640,应该很开心,6.422,6.75,0.531,0.49
1641,应该最开心,7.344,6.5,0.531,0.5
1642,应该超开心,7.667,7.222,0.782,0.786
1643,可能更乱,3.088,6.267,0.169,0.672
1644,可能有点伤,3.638,4.6,0.328,0.462
1645,可能稍嫌,3.857,5.417,0.226,0.607
1646,应该很干,2.375,7.2,0.96,0.51
1647,也许很想,5.3,3.789,0.427,0.895
1648,可能太想,5.311,4.944,0.431,0.685
1649,可能比较想,5.583,4.438,0.449,1.13
1650,可能更想,5.388,4.788,0.337,0.605
1651,可能很想,5.075,5.0,0.139,0.707
1652,本来好想,4.944,4.583,0.55,0.449
1653,本来有点想,4.533,3.363,0.386,0.447
1654,本来很想,4.389,4.8,0.657,0.678
1655,本来最想,4.633,5.311,0.467,0.923
1656,本来超想,4.8,4.25,0.289,0.559
1657,本来还想,4.675,3.978,0.412,0.67
1658,本来蛮想,4.563,4.143,0.39,0.639
1659,应该比较想,5.267,4.111,0.337,0.88
1660,应该更想,5.256,4.871,0.33,0.597
1661,应该很想,6.313,5.0,0.496,0.806
1662,应该最想,5.375,5.583,0.415,0.449
1663,应该超想,5.9,5.678,0.304,0.722
1664,应该还想,5.444,5.0,0.437,0.707
1665,应该蛮想,5.444,4.46,0.469,0.993
1666,可能太爱,6.25,5.0,1.299,0.894
1667,可能比较爱,7.143,5.688,1.093,0.428
1668,可能很爱,6.5,4.875,0.447,0.901
1669,应该非常爱,8.05,6.389,0.723,0.698
1670,应该很爱,7.188,5.5,1.368,0.408
1671,应该超爱,8.133,6.417,0.591,0.449
1672,应该很惨,2.333,5.167,0.236,0.882
1673,可能更惨,2.467,6.0,0.445,0.932
1674,可能很惨,1.938,5.938,0.3,0.39
1675,本来更惨,3.625,6.0,0.65,0.624
1676,应该更惨,2.125,6.2,0.415,0.245
1677,应该最惨,2.563,5.75,1.13,0.5
1678,应该蛮惨,2.688,5.8,0.704,0.4
1679,可能比较慢,4.214,2.5,0.247,0.559
1680,应该太慢,3.571,4.1,0.495,0.8
1681,应该更精彩,6.929,7.111,1.147,0.843
1682,应该非常精彩,8.0,7.813,0.0,0.556
1683,应该很精彩,7.475,7.243,0.54,0.8
1684,本来很紧张,4.786,5.571,0.589,0.495
1685,可能比较轻松,6.2,3.071,0.6,0.979
1686,应该比较轻松,6.044,2.913,0.406,0.777
1687,也许比较适合,5.522,3.5,0.509,0.463
1688,也许更适合,5.867,4.211,0.457,0.919
1689,可能比较适合,5.344,3.55,0.476,1.036
1690,可能更适合,6.389,4.938,0.515,0.768
1691,可能很适合,5.814,4.067,0.304,0.693
1692,应该比较适合,5.463,3.744,0.324,0.596
1693,应该更适合,6.278,4.611,0.583,0.515
1694,应该非常适合,6.438,4.722,0.464,0.629
1695,应该很适合,5.95,4.189,0.324,0.772
1696,应该挺适合,6.375,4.333,0.415,0.687
1697,应该最适合,6.163,5.1,0.331,0.587
1698,应该较适合,5.813,4.188,0.428,0.428
1699,应该蛮适合,6.144,4.488,0.211,0.56
1700,可能更担心,3.422,5.922,0.379,0.686
1701,本来有点担心,4.417,5.722,0.672,0.533
1702,本来很担心,4.833,5.563,0.553,0.464
1703,本来超担心,4.5,6.278,0.632,0.853
1704,应该还输,3.786,4.938,0.589,0.808
1705,可能略输,3.944,3.81,0.427,0.556
1706,可能还输,2.889,5.429,0.809,0.416
1707,可能有点帮助,5.778,4.95,0.342,0.82
1708,可能太丑,2.438,4.786,0.583,0.647
1709,可能很丑,2.944,5.333,0.831,0.707
1710,本来很丑,3.943,4.322,0.761,0.621
1711,应该更谨慎,5.438,5.5,0.682,0.782
1712,应该特别谨慎,6.111,5.5,1.021,0.655
1713,可能比较严重,3.433,5.963,0.573,0.64
1714,可能更严重,2.638,7.513,0.4,0.465
1715,可能很严重,2.444,6.9,0.369,0.831
1716,可能最严重,2.533,7.344,0.51,0.627
1717,应该更严重,2.456,7.333,0.372,0.782
1718,可能还赢,7.111,6.889,0.737,0.843
1719,应该还赢,6.443,5.8,0.565,0.545
1720,可能有点烂,3.578,5.233,0.439,0.833
1721,可能更烂,2.125,6.067,0.217,0.501
1722,可能很烂,3.375,4.889,0.415,0.698
1723,本来很烂,3.36,5.825,0.625,0.769
1724,可能有点蠢,3.875,4.417,0.415,0.344
1725,应该非常骄傲,5.5,6.875,0.764,0.599
1726,应该没八卦,5.263,3.75,0.427,0.661
1727,应该没有八卦,4.944,4.25,0.55,0.433
1728,可能不支持,4.0,4.563,0.0,0.464
1729,本来不支持,5.111,5.313,0.774,0.609
1730,可能没打,4.5,5.0,0.408,0.707
1731,应该不打,5.125,5.25,0.65,0.433
1732,应该不能打,5.0,4.875,0.267,0.545
1733,应该没打,5.063,5.143,0.464,0.226
1734,应该没有打,4.96,4.14,0.637,0.799
1735,也许不同意,4.0,4.063,0.0,0.726
1736,可能不同意,4.0,4.889,0.0,0.737
1737,应该不同意,4.0,4.111,0.0,0.737
1738,也许不好,4.0,4.375,0.0,0.484
1739,可能不好,4.0,4.5,0.0,0.463
1740,应该不好,4.0,4.625,0.0,0.484
1741,应该没有好,4.0,4.375,0.0,0.484
1742,应该没有安全,4.029,3.978,0.07,0.791
1743,应该不死,5.35,4.833,0.594,0.745
1744,应该没死,4.286,5.75,0.7,0.559
1745,可能不希望,3.889,5.125,0.737,0.331
1746,可能没有希望,3.389,4.667,0.515,0.373
1747,本来不希望,4.429,5.25,0.495,0.433
1748,应该不希望,4.0,4.9,0.0,0.831
1749,可能没希望,3.425,5.25,0.39,0.829
1750,应该没希望,3.6,4.111,0.49,0.994
1751,应该没忘记,5.5,4.278,0.5,0.416
1752,应该没有忘记,5.25,4.278,0.433,0.416
1753,可能没有足够,4.111,3.813,0.515,0.658
1754,应该没有足够,4.256,3.867,0.291,0.575
1755,可能不怕,5.643,4.625,0.44,0.484
1756,应该不怕,5.389,4.389,0.567,0.458
1757,应该不能怪,4.517,4.613,0.549,0.42
1758,本来不抱,5.25,5.286,0.5,0.525
1759,可能没朋友,4.0,4.429,0.0,0.495
1760,可能没有朋友,3.667,4.55,0.408,1.036
1761,应该没朋友,3.889,4.0,0.314,0.775
1762,应该没有朋友,4.0,4.0,0.0,0.816
1763,可能没玩,4.6,4.567,0.432,0.571
1764,可能不相信,4.0,4.5,0.0,0.471
1765,本来不相信,5.75,5.071,0.433,0.175
1766,也许不差,5.333,5.0,0.471,0.667
1767,也许没差,5.25,4.0,0.661,0.775
1768,可能没有差,5.188,4.0,0.496,0.775
1769,可能没差,5.0,3.5,0.0,0.577
1770,应该不差,5.389,3.944,0.567,0.762
1771,应该没差,5.0,2.889,0.0,0.875
1772,应该没有差,5.25,3.333,0.512,0.471
1773,本来不讨厌,4.5,5.0,1.025,0.0
1774,应该不讨厌,5.444,4.857,0.437,0.226
1775,可能没救,3.389,6.125,0.875,0.781
1776,应该没救,3.857,4.688,0.35,0.658
1777,可能不清楚,4.056,3.375,0.157,0.484
1778,本来不清楚,4.922,3.98,0.739,0.751
1779,应该不清楚,4.0,3.9,0.0,0.831
1780,可能不爽,4.375,5.625,0.484,0.484
1781,本来不爽,4.4,5.556,1.2,0.685
1782,应该不爽,3.833,5.25,0.667,0.433
1783,可能不喜欢,4.0,5.071,0.0,0.678
1784,应该不喜欢,4.0,4.15,0.0,0.838
1785,本来不喜欢,4.7,5.389,0.9,0.567
1786,应该不能乱,4.438,4.5,0.39,0.75
1787,应该没有乱,4.925,4.611,0.538,1.1
1788,应该没傻,5.222,3.944,0.533,0.926
1789,可能不想,4.5,3.333,0.5,0.471
1790,可能没想,4.889,3.813,0.208,0.933
1791,可能没有想,4.975,3.143,0.066,0.232
1792,本来不想,5.0,5.0,0.289,0.707
1793,本来没想,4.938,4.667,0.165,0.373
1794,本来没有想,4.778,4.071,0.342,0.175
1795,应该不想,4.063,3.333,0.165,0.471
1796,应该没想,4.611,3.85,0.458,0.461
1797,应该没有想,4.933,3.386,0.149,0.528
1798,可能不爱,4.0,4.438,0.0,0.464
1799,本来不爱,6.0,5.038,0.115,0.812
1800,应该不爱,4.314,4.656,0.587,0.609
1801,应该没爱,4.167,4.688,0.624,0.658
1802,应该没经历,4.575,4.386,0.463,0.815
1803,可能没罪,5.188,4.688,0.864,0.428
1804,应该没罪,5.263,4.229,0.472,0.377
1805,可能没遇到,5.0,3.625,0.0,0.484
1806,应该没遇到,4.6,3.575,0.442,0.463
1807,应该不违法,5.333,5.143,0.816,0.639
1808,应该没违法,4.922,4.663,0.581,0.522
1809,应该没违规,5.222,3.875,0.629,0.331
1810,应该没有违规,4.875,4.111,0.781,0.737
1811,也许不对,4.378,3.833,0.457,0.808
1812,可能不对,4.0,4.625,0.0,0.484
1813,可能没对,4.533,4.167,0.419,0.292
1814,本来没对,4.778,4.563,0.671,0.768
1815,应该不对,4.0,4.5,0.0,0.5
1816,应该没对,3.688,4.214,0.496,0.589
1817,可能不适合,4.0,3.375,0.0,0.484
1818,应该不适合,4.0,3.889,0.0,0.737
1819,可能没兴趣,4.111,4.222,0.567,0.916
1820,本来没兴趣,5.05,4.813,0.85,0.348
1821,应该没兴趣,4.333,4.714,0.471,0.452
1822,可能不输,5.5,4.444,0.707,0.497
1823,应该不输,4.883,4.343,0.344,0.437
1824,应该没有输,5.444,4.444,0.685,0.497
1825,也许没错,5.3,4.222,0.9,0.629
1826,可能没错,5.444,4.0,0.497,0.0
1827,可能没有错,5.444,4.0,0.831,0.775
1828,应该没错,5.15,4.5,0.776,0.463
1829,应该没有错,5.778,4.389,0.416,0.458
1830,应该没有随便,4.757,4.763,0.354,0.458
1831,可能没有帮助,4.0,5.25,0.0,0.433
1832,应该没有帮助,3.857,4.643,0.226,0.44
1833,也许不愿,4.0,3.75,0.0,0.512
1834,可能不愿,4.0,4.389,0.0,0.458
1835,本来不愿,4.611,5.0,0.567,0.612
1836,应该不愿,3.938,4.444,0.3,0.437
1837,也许不愿意,4.0,3.944,0.0,0.762
1838,本来不愿意,4.722,4.875,0.749,0.484
1839,应该不愿意,4.0,5.0,0.0,0.535
1840,可能不愿意,4.0,4.95,0.0,0.789
1841,应该不严重,5.75,4.611,0.433,0.809
1842,没八卦,5.375,4.225,0.494,0.636
1843,没有八卦,4.944,4.0,0.724,0.267
1844,没有反对,5.611,4.875,0.614,0.696
1845,没有支持,3.778,4.55,0.681,0.466
1846,不打,5.05,5.871,0.076,0.597
1847,不能打,5.167,5.667,0.85,0.553
1848,没打,5.5,4.7,0.75,0.6
1849,没有打,5.313,4.25,0.609,0.354
1850,没有正面,4.444,4.875,0.497,0.781
1851,不同意,3.611,4.675,0.458,0.435
1852,不能同意,3.833,5.313,0.333,0.428
1853,不好笑,3.667,5.5,0.408,1.025
1854,没好处,3.722,5.0,0.416,0.943
1855,没有好处,3.4,5.125,0.397,0.415
1856,不安全,3.444,5.0,0.497,0.876
1857,没有安全,3.5,4.917,0.559,0.607
1858,没成功,3.5,5.0,0.527,0.632
1859,没有成功,3.214,5.563,0.452,0.583
1860,不死,6.111,5.833,0.698,0.624
1861,不能死,4.8,6.95,1.03,0.786
1862,没死,5.183,5.178,0.743,0.614
1863,没有死,6.167,5.429,0.471,1.178
1864,没死刑,5.0,5.917,0.577,0.449
1865,没有死刑,5.0,5.1,0.0,1.02
1866,没自信,3.25,5.778,0.354,0.749
1867,没有利益,4.325,4.556,0.399,0.497
1868,没希望,3.0,4.4,0.289,0.735
1869,没有希望,2.689,5.35,0.491,0.618
1870,不能忘记,4.9,6.1,0.393,0.715
1871,没忘记,5.938,4.563,0.165,0.464
1872,没有忘记,5.889,5.0,0.515,0.802
1873,没改善,3.8,4.967,0.409,0.766
1874,没有改善,3.5,5.357,0.433,0.58
1875,不能决定,4.167,5.167,0.577,0.687
1876,没决定,4.333,5.9,0.527,0.49
1877,没受伤,5.75,4.938,0.382,0.726
1878,没有受伤,5.3,5.288,0.525,0.451
1879,不能忽略,5.625,4.357,0.545,0.515
1880,不能忽视,5.25,4.75,0.479,0.707
1881,不能怪,5.233,4.529,0.677,0.381
1882,没有拒绝,5.722,4.813,0.82,0.496
1883,不放弃,6.5,5.875,0.577,0.599
1884,不能放弃,5.688,6.5,0.496,0.408
1885,没放弃,6.25,5.688,0.791,0.556
1886,没有放弃,5.85,5.563,0.572,0.39
1887,没朋友,3.056,4.5,0.497,0.802
1888,没有朋友,3.2,4.1,0.233,0.755
1889,不玩,4.643,5.35,0.489,0.566
1890,不能玩,4.063,5.125,0.3,0.82
1891,没玩,4.544,4.65,0.417,0.563
1892,没信心,3.363,5.189,0.387,0.486
1893,没有信心,3.143,5.429,0.226,0.416
1894,没勇气,3.478,5.4,0.452,0.49
1895,没有勇气,3.667,4.944,0.527,0.831
1896,不帅,3.986,4.786,0.217,0.525
1897,不是,3.688,4.971,0.44,0.07
1898,不相信,3.556,5.75,0.437,0.612
1899,不能相信,3.2,5.775,0.316,0.338
1900,不能苦,5.12,5.15,0.343,0.753
1901,没有重大,5.143,4.583,0.44,0.731
1902,不值得,3.444,5.722,0.55,0.533
1903,不值钱,3.688,5.333,0.496,0.782
1904,不能原谅,3.0,5.8,0.267,0.4
1905,不能容忍,2.986,6.6,0.304,0.414
1906,不差,5.5,4.571,0.612,0.562
1907,没差,4.625,4.0,0.331,0.559
1908,没有差,5.056,4.111,0.437,0.774
1909,没效率,3.8,4.511,0.611,0.409
1910,不高兴,3.0,6.417,0.0,0.731
1911,不能强迫,4.778,5.5,0.671,0.707
1912,不能得罪,4.714,5.875,0.589,0.82
1913,不能控制,4.929,5.643,0.863,0.44
1914,没救,2.688,6.278,0.428,0.583
1915,没杀,5.2,5.5,0.678,1.0
1916,不爽,3.063,7.175,0.165,0.205
1917,没爽,3.875,5.75,0.415,0.382
1918,不累,5.356,4.375,0.514,0.494
1919,不喜欢,3.033,5.788,0.481,0.605
1920,没有喜欢,4.05,5.167,0.855,0.639
1921,不能乱,4.833,5.083,0.256,0.837
1922,不干,4.5,6.2,0.5,0.98
1923,不想,3.967,3.856,0.766,0.782
1924,不能想,4.375,5.286,0.545,0.364
1925,没想,4.638,3.638,0.412,0.412
1926,没有想,4.644,3.4,0.46,0.462
1927,不爱,3.0,5.067,0.0,0.249
1928,没有感情,3.5,4.875,0.745,0.599
1929,没有禁止,5.25,4.625,0.354,0.65
1930,没经历,4.667,4.125,0.471,0.599
1931,没罪,5.5,4.625,0.471,0.524
1932,不能解决,3.522,4.522,0.408,0.498
1933,没解决,3.556,4.813,0.437,0.496
1934,没有解决,3.65,5.214,0.45,0.525
1935,没有遇到,4.929,4.5,0.175,0.577
1936,没遇到,4.25,3.778,0.844,0.671
1937,没违法,5.167,4.263,0.236,0.841
1938,没有违法,5.256,5.286,0.624,0.7
1939,没对,3.417,4.571,0.449,0.446
1940,不对,3.5,5.444,0.408,0.797
1941,没有对,4.333,4.725,0.672,0.421
1942,不满意,2.813,5.688,0.242,0.609
1943,没认真,3.95,4.5,0.723,0.463
1944,没有认真,3.55,5.056,0.472,0.797
1945,不能轻忽,4.938,5.688,0.768,0.556
1946,不确定,4.51,4.678,0.388,0.48
1947,不能确定,4.678,4.367,0.421,0.812
1948,没确定,4.186,4.922,0.242,0.394
1949,没有确定,4.389,4.875,0.515,0.484
1950,不能穷,5.083,5.5,0.344,0.707
1951,没有冲突,6.063,5.3,0.682,0.748
1952,不能质疑,5.5,5.571,1.049,0.678
1953,不适合,4.056,4.288,0.55,0.451
1954,不担心,5.857,4.688,0.515,0.556
1955,没兴趣,4.267,4.238,0.668,1.107
1956,没有兴趣,3.778,3.929,0.416,0.821
1957,不输,6.0,4.875,0.829,0.65
1958,不能输,5.533,5.811,0.452,0.468
1959,没输,5.538,4.833,0.444,0.624
1960,没有输,5.667,4.944,0.408,0.643
1961,没有错,5.889,5.389,0.698,0.698
1962,没错,5.65,5.125,0.421,0.263
1963,不能随便,5.2,5.422,0.245,0.437
1964,没压力,6.5,4.143,0.745,0.99
1965,没有压力,5.538,4.6,0.409,0.847
1966,没帮助,3.5,5.167,0.471,0.624
1967,没有帮助,3.425,5.333,0.561,0.377
1968,不愿,3.971,5.125,0.07,0.545
1969,不愿意,3.313,5.75,0.556,0.612
1970,不骗,5.944,4.875,0.685,0.599
1971,没骗,6.25,5.286,0.433,0.452
1972,不赢,3.643,5.1,0.58,0.755
1973,没赢,4.375,5.043,0.484,0.531
1974,没比较了不起,4.26,5.111,0.849,0.698
1975,没有太了不起,4.814,5.5,0.603,0.577
1976,没有比较了不起,4.583,5.978,0.449,0.567
1977,没有特别了不起,4.775,5.5,0.657,0.412
1978,不能怪小偷,4.5,5.5,0.316,0.632
1979,不完全支持,4.611,4.556,0.614,0.724
1980,不特别支持,4.286,3.944,0.647,0.55
1981,没有完全支持,4.429,4.389,0.416,0.614
1982,没有特别支持,4.813,4.083,0.658,0.344
1983,没特别支持,4.78,4.25,0.533,0.661
1984,不特别出色,4.563,4.5,0.634,0.333
1985,没有非常出色,4.438,4.429,0.682,0.678
1986,没特别出色,4.825,4.613,0.494,0.549
1987,没有最可怕,3.657,6.163,0.437,0.648
1988,不好打,4.5,5.875,0.408,0.893
1989,没有很正,4.167,4.8,0.236,0.872
1990,没很正,4.2,4.357,0.224,0.512
1991,没特别正,4.189,4.163,0.91,0.765
1992,不能太用力,4.756,5.225,0.409,0.968
1993,没有最白痴,2.667,6.25,0.745,0.791
1994,没好丢脸,4.0,5.05,0.5,0.087
1995,没有太多余,5.063,4.05,0.39,0.723
1996,不太好,4.0,4.625,0.25,0.545
1997,不更好,4.75,5.75,0.829,0.804
1998,不特别好,4.238,5.225,0.474,0.487
1999,不能太好,4.15,5.125,0.328,0.836
2000,不能更好,6.929,6.357,0.904,0.58
2001,不能很好,4.35,4.633,0.574,0.734
2002,没太好,4.15,4.525,0.925,0.526
2003,没比较好,4.063,4.875,0.3,0.65
2004,没有太好,3.938,5.5,0.3,0.5
2005,没有比较好,3.75,4.786,0.354,0.749
2006,没有完全好,4.613,4.225,0.42,0.393
2007,没有更好,4.7,5.363,0.616,0.543
2008,没有非常好,3.922,4.725,0.6,0.424
2009,没有很好,4.063,4.571,0.3,0.623
2010,没有特别好,4.129,5.038,0.205,0.579
2011,没有较好,3.856,4.26,0.587,0.943
2012,没完全好,4.086,4.4,0.348,0.524
2013,没更好,4.688,5.125,0.556,0.893
2014,没很好,3.563,5.278,0.464,0.478
2015,没特别好,4.525,4.538,0.529,0.545
2016,没较好,4.033,4.725,0.075,0.466
2017,没有很好笑,4.214,5.056,0.364,0.724
2018,没很好笑,4.322,4.167,0.461,0.577
2019,没比较安全,3.75,5.222,0.25,0.671
2020,没有比较安全,3.888,4.55,0.672,0.529
2021,没有最安全,4.722,4.688,0.885,0.899
2022,没有完全成功,4.5,5.278,0.577,0.533
2023,没完全成功,4.7,5.4,0.884,0.755
2024,没有更有力,4.75,4.714,0.707,0.525
2025,没有很有钱,4.0,4.5,0.25,0.378
2026,没很有钱,4.25,4.625,0.354,0.415
2027,不能太自由,4.429,5.643,0.562,0.639
2028,没有太自由,4.029,5.389,0.07,0.612
2029,没有更自由,3.75,5.929,0.829,0.821
2030,不很冷,4.743,4.167,0.545,0.373
2031,没有很冷,4.611,3.938,0.614,0.726
2032,没很冷,5.189,4.167,0.524,0.411
2033,不能完全否认,4.813,5.25,0.658,0.559
2034,没有最完美,5.163,4.725,0.367,0.466
2035,没有更完善,4.475,4.686,0.409,0.439
2036,没比较快乐,4.063,5.056,0.3,0.831
2037,没有比较快乐,4.125,5.143,0.599,0.789
2038,没有完全把握,3.722,5.571,0.583,0.776
2039,没完全把握,4.611,4.611,0.614,0.906
2040,不完全改善,4.313,4.778,0.348,0.916
2041,没完全决定,4.8,4.8,0.26,0.748
2042,没有更佳,4.257,4.786,0.41,0.364
2043,不很奇怪,5.071,5.5,0.678,1.09
2044,没好奇怪,4.825,4.7,0.303,0.872
2045,没有最奇怪,4.55,4.9,0.456,0.574
2046,不很怪,4.643,4.0,0.58,0.289
2047,不能完全怪,4.188,4.25,0.242,0.5
2048,没有好怪,5.3,4.7,0.4,0.4
2049,不完全信任,3.975,4.675,0.622,0.538
2050,不能完全信任,3.689,5.889,0.854,0.774
2051,没比较帅,4.467,4.45,0.525,1.093
2052,没有比较帅,4.189,4.363,0.697,0.543
2053,没有很帅,4.189,4.3,0.404,0.428
2054,没有特别帅,5.313,4.5,0.496,0.527
2055,没很帅,4.35,4.622,0.477,0.514
2056,没特别帅,4.813,4.722,0.609,0.583
2057,不特别挑剔,5.222,5.057,0.583,0.14
2058,不好炫耀,4.286,5.025,0.525,0.71
2059,不完全相信,4.278,5.167,0.749,0.782
2060,不能太相信,4.15,5.133,0.768,0.706
2061,不能完全相信,4.167,5.333,0.624,0.687
2062,没有更值得,4.133,5.586,0.394,0.479
2063,没有完全原谅,4.0,4.625,0.943,0.484
2064,不很差,4.5,4.611,0.5,0.657
2065,不能太差,3.9,5.657,0.733,0.437
2066,没太差,4.778,3.938,0.583,0.3
2067,没比较差,5.2,4.567,0.794,0.437
2068,没有太差,4.922,4.0,0.675,0.707
2069,没有比较差,5.178,4.788,0.707,0.341
2070,没有更差,4.286,4.813,0.525,0.864
2071,没有非常差,4.488,4.156,0.262,0.751
2072,没有很差,4.688,4.0,0.428,0.75
2073,没有特别差,4.667,4.222,0.577,0.416
2074,没有最差,4.417,4.5,0.449,0.408
2075,没很差,4.563,3.929,0.3,0.728
2076,没特别差,4.75,4.286,0.612,0.452
2077,没比较弱,5.0,5.3,0.707,0.748
2078,没有比较弱,5.438,4.65,0.536,0.676
2079,不能完全消灭,3.963,5.1,0.731,0.73
2080,没有完全消灭,4.083,5.167,0.186,0.408
2081,不完全真实,4.444,4.357,0.55,0.44
2082,没有非常讨厌,4.167,5.5,0.527,0.559
2083,不很高兴,4.0,5.71,0.775,0.893
2084,没特别高兴,5.088,5.0,0.528,0.408
2085,没有比较伟大,3.944,5.433,0.691,0.727
2086,不能太强,5.071,4.938,0.319,0.3
2087,不能很强,4.0,6.0,0.667,0.0
2088,没比较强,4.533,4.533,0.55,0.481
2089,没有太强,4.778,4.778,0.629,0.583
2090,没有比较强,4.3,4.411,0.406,0.593
2091,没有更强,4.77,5.456,0.87,0.636
2092,没有非常强,4.786,4.944,0.525,0.724
2093,没有很强,3.856,5.113,0.707,0.643
2094,没有特别强,4.6,4.278,0.397,0.853
2095,没有最强,4.571,4.844,0.495,0.826
2096,没非常强,4.25,4.875,0.791,0.217
2097,没特别强,4.757,4.711,0.565,0.543
2098,没最强,4.7,5.25,0.63,0.444
2099,没有太强烈,4.889,5.457,0.208,0.475
2100,没有非常强烈,5.111,5.6,0.614,0.583
2101,没有特别情绪,4.956,3.44,0.126,0.543
2102,不好控制,3.633,5.55,0.452,0.456
2103,不能完全控制,4.063,5.722,0.583,0.749
2104,不太清楚,4.367,3.89,0.476,0.808
2105,不完全清楚,4.125,4.2,0.217,0.245
2106,不很清楚,3.688,4.0,0.428,0.782
2107,没有太清楚,4.289,3.589,0.26,0.647
2108,没有非常清楚,4.267,4.713,0.389,0.603
2109,没有很清楚,4.222,4.25,0.629,0.935
2110,没很清楚,4.157,3.833,0.25,0.707
2111,没比较爽,4.286,5.167,0.364,0.373
2112,没有比较爽,4.538,5.35,0.485,0.507
2113,没有很爽,4.414,4.933,0.416,0.604
2114,没有最爽,5.429,6.5,0.416,0.5
2115,没很爽,4.644,5.1,0.641,0.831
2116,不太理想,4.043,4.843,0.354,0.25
2117,不很理想,3.643,4.729,0.44,0.547
2118,不能太粗鲁,4.413,5.138,0.66,0.873
2119,不能太贪心,4.756,5.056,0.442,0.369
2120,没特别喜爱,4.511,4.15,0.726,0.843
2121,不太喜欢,3.778,5.0,0.583,0.5
2122,不很喜欢,4.425,5.714,0.492,0.61
2123,不特别喜欢,4.071,5.333,0.863,0.667
2124,没有很喜欢,4.313,5.0,0.609,0.661
2125,没有特别喜欢,4.786,4.556,0.364,0.55
2126,没很喜欢,4.75,4.778,0.661,0.786
2127,没特别喜欢,4.744,4.489,0.596,0.569
2128,不能太寒酸,4.263,4.838,0.789,0.685
2129,没有完全悲观,5.067,4.513,0.854,0.542
2130,不太舒服,3.51,4.2,0.448,0.954
2131,不很舒服,3.722,5.313,0.583,0.788
2132,没比较舒服,4.389,3.675,0.689,0.663
2133,没有比较舒服,4.056,4.583,0.643,0.534
2134,不太想,3.813,4.167,0.348,0.624
2135,不好想,4.313,3.75,0.496,0.829
2136,不很想,4.1,3.333,0.2,0.471
2137,不特别想,4.533,3.486,0.481,0.464
2138,不能老想,4.771,4.088,0.219,0.951
2139,不能还想,4.7,4.5,0.4,0.408
2140,没有非常想,4.667,5.25,0.624,0.692
2141,没有很想,4.678,3.571,0.418,0.696
2142,没有特别想,4.778,3.7,0.629,0.6
2143,没有还想,4.5,4.444,0.463,1.066
2144,没很想,4.529,3.867,0.48,0.298
2145,没特别想,4.59,4.138,0.421,0.763
2146,不太爱,3.571,5.5,0.495,0.707
2147,不很爱,3.983,4.7,0.797,0.526
2148,不特别爱,3.944,4.929,0.685,0.562
2149,没有非常爱,5.42,5.529,0.739,0.577
2150,没有很爱,4.375,4.5,0.415,0.5
2151,没有特别爱,6.143,4.688,0.693,0.658
2152,没很爱,3.917,5.25,0.186,0.901
2153,没特别爱,4.533,4.671,0.71,0.602
2154,不能完全禁止,4.143,5.389,0.789,0.936
2155,没有完全禁止,4.333,5.0,0.408,0.707
2156,不能完全解决,4.25,4.95,0.354,0.82
2157,没有完全解决,4.375,5.25,0.415,0.854
2158,没完全解决,4.375,5.056,0.545,0.55
2159,不能太诚实,4.825,4.588,0.449,0.605
2160,没有完全诚实,3.625,4.722,0.484,0.629
2161,没有好游戏,4.383,4.25,0.41,0.382
2162,不好鼓励,4.583,4.688,0.449,0.556
2163,不太对,4.189,5.0,0.273,0.408
2164,不完全对,4.056,4.683,0.921,0.549
2165,没有完全对,4.833,4.688,0.408,0.496
2166,没有特别对,4.657,4.225,0.604,0.821
2167,不更惨,4.2,5.2,0.748,0.748
2168,没比较惨,4.171,4.411,0.767,0.401
2169,没有太惨,3.938,4.375,0.3,0.415
2170,没有比较惨,3.5,4.722,0.463,0.533
2171,没有好惨,3.7,5.075,1.034,0.719
2172,没有更惨,3.933,4.256,0.78,0.768
2173,没有最惨,3.05,5.043,0.684,0.57
2174,没更惨,3.556,5.275,0.55,0.792
2175,没最惨,3.943,4.775,0.484,0.452
2176,没比较慢,5.071,3.833,0.175,0.898
2177,没有比较慢,5.5,3.6,0.471,0.943
2178,不太满意,3.663,5.45,0.415,0.563
2179,不完全满意,4.525,4.938,0.585,0.634
2180,不很满意,3.433,5.763,0.437,0.587
2181,没有非常满意,4.278,5.667,0.786,0.624
2182,没有很满意,3.871,5.167,0.707,0.39
2183,不特别漂亮,4.65,5.571,0.667,0.495
2184,没有更漂亮,5.267,5.688,0.489,0.556
2185,没有非常漂亮,4.43,5.263,0.992,0.559
2186,没有很漂亮,4.45,4.5,0.48,0.608
2187,没很漂亮,4.429,4.875,0.623,0.781
2188,没太认真,4.125,4.125,0.415,0.82
2189,没有太认真,4.667,4.729,0.613,0.365
2190,没有很认真,4.28,4.633,1.055,0.522
2191,没很认真,4.45,4.55,0.51,0.507
2192,没比较轻松,4.188,3.714,0.242,0.525
2193,没有比较轻松,4.143,3.813,0.226,0.864
2194,没有最恶心,3.329,6.46,0.69,0.571
2195,不能太乐观,3.75,5.778,0.612,0.478
2196,不太确定,4.46,4.578,0.418,0.819
2197,不很确定,4.656,4.763,0.501,0.495
2198,不能完全确定,4.74,5.067,0.607,0.673
2199,不能很确定,4.778,4.5,0.533,0.433
2200,没完全确定,4.944,4.7,0.556,0.648
2201,没有最贱,2.733,6.75,0.616,0.433
2202,不太适合,4.083,4.25,0.344,0.25
2203,不完全适合,4.288,3.622,0.392,0.457
2204,不很适合,3.813,4.625,0.242,0.545
2205,不能太操,3.767,5.667,0.373,0.745
2206,没很操,4.3,5.983,1.092,0.518
2207,没有太积极,4.42,4.611,0.453,0.787
2208,没有更积极,4.611,5.9,0.728,0.791
2209,没有太兴奋,5.389,5.056,0.698,0.598
2210,没有非常兴奋,5.1,4.65,0.508,0.676
2211,不能太随便,4.729,5.814,0.357,0.638
2212,没比较优,4.256,5.0,0.523,0.673
2213,没有比较优,4.556,5.0,0.55,0.624
2214,没有比较优惠,4.2,4.563,0.26,0.591
2215,没有更优惠,4.722,5.833,0.711,0.471
2216,没有特别优惠,4.571,5.0,0.495,0.267
2217,没特别优惠,4.125,4.833,0.415,0.471
2218,不能太糟,4.083,5.444,0.534,0.797
2219,没有更糟,4.167,5.0,0.236,0.866
2220,没有太糟糕,4.575,4.688,0.676,0.556
2221,没有更糟糕,4.25,4.929,0.382,0.319
2222,不特别聪明,5.0,4.286,0.667,0.364
2223,不能太聪明,4.917,5.75,0.886,0.25
2224,没比较聪明,4.0,4.286,0.75,0.364
2225,没有比较聪明,4.563,4.357,0.464,0.693
2226,没有特别聪明,5.1,3.933,0.691,0.655
2227,没有最丑,4.929,4.375,0.562,0.65
2228,不能太丑,4.167,5.0,0.527,0.75
2229,不特别关心,4.125,4.575,0.217,0.593
2230,没特别关心,4.688,4.5,0.609,0.447
2231,没有最难吃,3.65,4.917,0.384,0.717
2232,没有太难过,4.478,4.675,0.413,0.538
2233,不好骗,4.683,5.363,0.72,0.524
2234,没太严重,4.938,5.25,0.808,0.661
2235,没有太严重,4.314,5.571,0.567,0.495
2236,没有更严重,4.54,6.525,0.408,0.728
2237,没有很严重,4.667,5.278,0.782,0.629
2238,没更严重,4.444,5.375,0.797,0.74
2239,没很严重,4.613,5.038,0.488,0.714
2240,没特别严重,4.167,5.688,0.408,0.428
2241,不能太烂,4.071,5.444,0.175,1.039
2242,没比较烂,4.714,5.063,0.749,0.682
2243,没有非常烂,4.0,4.875,0.289,0.65
2244,没有很烂,4.188,4.786,0.348,0.452
2245,没有最烂,4.144,4.85,0.483,0.555
2246,没很烂,4.643,4.878,0.693,0.766
2247,没有最蠢,3.214,5.2,0.839,0.469
2248,没太惊讶,4.963,5.975,0.07,0.438
2249,没有太惊讶,4.878,5.713,0.371,0.571
